rank,ua_name,population
1,"New York-Northeastern New Jersey",12296117
2,"Chicago, Ill.",4920816
3,"Los Angeles, Calif.",3996946
4,"Philadelphia, Pa.",2922470
5,"Detroit, Mich.",2659398
6,"Boston, Mass.",2233448
7,"San Francisco-Oakland, Calif.",2022078
8,"Pittsburgh, Pa.",1532953
9,"St. Louis, Mo.",1400058
10,"Cleveland, Ohio",1383599
11,"Washington, D. C.",1287333
12,"Baltimore, Md.",1161852
13,"Minneapolis-St. Paul, Minn.",985101
14,"Milwaukee, Wis.",829495
15,"Cincinnati, Ohio",813292
16,"Buffalo, N. Y.",798043
17,"Houston, Texas",700508
18,"Kansas City, Mo.",698350
19,"New Orleans, La.",659768
20,"Seattle, Wash.",621509
21,"Providence, R. I.",583346
22,"Dallas, Texas",538924
23,"Portland, Oreg.",512643
24,"Atlanta, Ga.",507887
25,"Indianapolis, Ind.",502375
26,"Denver, Colo.",498743
27,"Louisville, Ky.",472736
28,"Miami, Fla.",458647
29,"San Antonio, Texas",449521
30,"Birmingham, Ala.",445314
31,"Columbus, Ohio",437707
32,"San Diego, Calif.",432974
33,"Rochester, N. Y.",409149
34,"Memphis, Tenn.",406034
35,"Norfolk-Portsmouth, Va.",385111
36,"Akron, Ohio",366765
37,"Toledo, Ohio",364344
38,"Springfield-Holyoke, Mass.",356908
39,"Dayton, Ohio",346864
40,"Fort Worth, Texas",315578
41,"Omaha, Nebr.",310291
42,"Hartford, Conn.",300788
43,"Youngstown, Ohio",298051
44,"Albany-Troy, N. Y.",291897
45,"Oklahoma City, Okla.",275091
46,"Wilkes-Barre, Pa.",271589
47,"Syracuse, N. Y.",265286
48,"Nashville, Tenn.",258887
49,"Richmond, Va.",257995
50,"New Haven, Conn.",244836
51,"Jacksonville, Fla.",242909
52,"Bridgeport, Conn.",237435
53,"Scranton, Pa.",236076
54,"Salt Lake City, Utah",227368
55,"Grand Rapids, Mich.",226817
56,"Allentown-Bethlehem, Pa.",225962
57,"Worcester, Mass.",219330
58,"Phoenix, Ariz.",216038
59,"Sacramento, Calif.",211777
60,"Tulsa, Okla.",206311
61,"Des Moines, Iowa",199934
62,"Flint, Mich.",197631
63,"Davenport, Iowa-Rock Island-Moline, Ill.",194925
64,"Wichita, Kans.",194047
65,"Trenton, N. J.",189321
66,"Wilmington, Del.",187359
67,"Mobile, Ala.",182963
68,"Tampa, Fla.",179335
69,"San Jose, Calif.",176473
70,"Spokane, Wash.",176004
71,"Canton, Ohio",173917
72,"Stamford-Norwalk, Conn.",173536
73,"Harrisburg, Pa.",169646
74,"South Bend, Ind.",168165
75,"Chattanooga, Tenn.",167764
76,"Tacoma, Wash.",167667
77,"Huntington, W. Va.-Ashland, Ky.",156288
78,"Reading, Pa.",154931
79,"Peoria, Ill.",154539
80,"Little Rock-North Little Rock, Ark.",153643
81,"Erie, Pa.",151710
82,"Shreveport, La.",150208
83,"Knoxville, Tenn.",148166
84,"Binghamton, N. Y.",144011
85,"Duluth, Minn.-Superior, Wis.",143028
86,"Charlotte, N. C.",140930
87,"Fort Wayne, Ind.",140314
88,"Baton Rouge, La.",138864
89,"Evansville, Ind.",137573
90,"El Paso, Texas",136918
91,"Austin, Texas",135971
92,"San Bernardino, Calif.",135770
93,"Lansing, Mich.",134052
94,"Waterbury, Conn.",131707
95,"Charleston, W. Va.",130914
96,"Fresno, Calif.",130592
97,"Savannah, Ga.",128196
98,"New Bedford, Mass.",125495
99,"Schenectady, N. Y.",123273
100,"New Britain-Bristol, Conn.",123079
101,"Corpus Christi, Texas",122956
102,"Rockford, Ill.",122226
103,"Columbia, S. C.",120808
104,"Charleston, S. C.",120289
105,"Columbus, Ga.",118485
106,"Fall River, Mass.",118120
107,"Utica, N. Y.",117424
108,"St. Petersburg, Fla.",114596
109,"Portland, Maine",113499
110,"Stockton, Calif.",112834
111,"Lawrence, Mass.",112309
112,"Madison, Wis.",110111
113,"Montgomery, Ala.",109468
114,"Roanoke, Va.",106682
115,"Lowell, Mass.",106661
116,"Wheeling, W. Va.",106650
117,"Saginaw, Mich.",105939
118,"Atlantic City, N. J.",105083
119,"Jackson, Miss.",100261
120,"Lincoln, Nebr.",99509
121,"Niagara Falls, N. Y.",97620
122,"Springfield, Ill.",97371
123,"Beaumont, Texas",94169
124,"Macon, Ga.",93499
125,"Johnstown, Pa.",93354
126,"Waco, Texas",92834
127,"Pontiac, Mich.",92573
128,"Winston-Salem, N. C.",92477
129,"Brockton, Mass.",92116
130,"Sioux City, Iowa",90101
131,"Topeka, Kans.",89104
132,"Augusta, Ga.",87733
133,"Altoona, Pa.",86614
134,"Muskegon, Mich.",85245
135,"Manchester, N. H.",84918
136,"Waterloo, Iowa",84386
137,"Greensboro, N. C.",83412
138,"Kalamazoo, Mich.",83332
139,"St. Joseph, Mo.",82290
140,"Springfield, Ohio",82284
141,"Port Arthur, Texas",82150
142,"York, Pa.",78796
143,"Cedar Rapids, Iowa",78212
144,"Terre Haute, Ind.",78028
145,"Racine, Wis.",76537
146,"Lancaster, Pa.",76280
147,"Springfield, Mo.",75549
148,"Amarillo, Texas",74443
149,"Decatur, Ill.",73713
150,"Durham, N. C.",73368
151,"Pueblo, Colo.",73247
152,"Orlando, Fla.",73163
153,"Galveston, Texas",71527
154,"Raleigh, N. C.",68743
155,"Hamilton, Ohio",63270
156,"Asheville, N. C.",58437
157,"Fort Smith, Ark.",56046
