ua_name_1960,state_abbr,pop_1960,pop_1950,method,source
New York-Northeastern New Jersey,NJ,3878897,3165912,published,"1960 Census of Population Vol. I Part 32 (New Jersey) ch. A Table 10 p. 32-19 ('In New Jersey')"
New York-Northeastern New Jersey,NY,10236030,9130205,derived_total_minus_other_parts,"US Summary Table 22/23 totals minus NJ part"
"Chicago-Northwestern Indiana",IL,5480267,4587985,published,"Vol. I Part 15 (Illinois) Table 10 p. 15-39 ('In Illinois')"
"Chicago-Northwestern Indiana",IN,478946,332831,derived_total_minus_other_parts,"totals minus IL part"
"Philadelphia, Pa.-N.J.",NJ,521995,327591,published,"Vol. I Part 32 (New Jersey) Table 10 p. 32-20"
"Philadelphia, Pa.-N.J.",PA,3113233,2594879,derived_total_minus_other_parts,"totals minus NJ part"
"Washington, D.C.-Md.-Va.",DC,763956,802178,derived_whole_state,"all of D.C. lies in the UA; D.C. census counts 1960/1950"
"Washington, D.C.-Md.-Va.",MD,578980,253423,published,"Vol. I Part 22 (Maryland) Table 10 p. 22-14 ('That part of the area in Maryland'; = Montgomery pt. + Prince Georges pt.)"
"Washington, D.C.-Md.-Va.",VA,465487,231732,derived_total_minus_other_parts,"totals minus DC and MD parts"
"St. Louis, Mo.-Ill.",IL,276295,195690,published,"Vol. I Part 15 (Illinois) Table 10 p. 15-41"
"St. Louis, Mo.-Ill.",MO,1391398,1204368,derived_total_minus_other_parts,"totals minus IL part"
"Cincinnati, Ohio-Ky.",KY,179489,146490,published,"Vol. I Part 19 (Kentucky) Table 10 p. 19-18 (= Boone pt. + Campbell pt. + Kenton pt.)"
"Cincinnati, Ohio-Ky.",OH,814079,666802,derived_total_minus_other_parts,"totals minus KY part"
"Kansas City, Mo.-Kans.",KS,272095,178370,published,"Vol. I Part 18 (Kansas) Table 10 p. 18-29"
"Kansas City, Mo.-Kans.",MO,649026,519980,derived_total_minus_other_parts,"totals minus KS part"
"Providence-Pawtucket, R.I.-Mass.",MA,43381,32539,published,"Vol. I Part 23 (Massachusetts) Table 10 p. 23-15"
"Providence-Pawtucket, R.I.-Mass.",RI,616161,550807,derived_total_minus_other_parts,"totals minus MA part"
"Portland, Oreg.-Wash.",WA,46956,42352,published,"Vol. I Part 49 (Washington) Table 10 p. 49-18"
"Portland, Oreg.-Wash.",OR,604729,470291,derived_total_minus_other_parts,"totals minus WA part"
"Louisville, Ky.-Ind.",KY,534263,419183,published,"Vol. I Part 19 (Kentucky) Table 10 p. 19-18 ('In Kentucky')"
"Louisville, Ky.-Ind.",IN,72396,53553,published,"Vol. I Part 19 (Kentucky) Table 10 p. 19-18 ('In Indiana')"
"Springfield-Chicopee-Holyoke, Mass.-Conn.",MA,418313,356908,published,"Vol. I Part 23 (Massachusetts) Table 10 p. 23-15 ('In Massachusetts')"
"Springfield-Chicopee-Holyoke, Mass.-Conn.",CT,31464,0,published,"Vol. I Part 23 Table 10 p. 23-15 ('In Connecticut'; not in area in 1950)"
"Wilmington, Del.-N.J.",NJ,17329,15061,published,"Vol. I Part 32 (New Jersey) Table 10 p. 32-20"
"Wilmington, Del.-N.J.",DE,266338,172298,derived_total_minus_other_parts,"totals minus NJ part"
"Trenton, N.J.-Pa.",NJ,226563,179240,published,"Vol. I Part 32 (New Jersey) Table 10 p. 32-20 ('In New Jersey')"
"Trenton, N.J.-Pa.",PA,15838,10081,published,"Vol. I Part 32 (New Jersey) Table 10 p. 32-20 ('In Pennsylvania')"
"Lawrence-Haverhill, Mass.-N.H.",MA,165233,112309,published,"Vol. I Part 23 Table 10 p. 23-15 ('In Massachusetts')"
"Lawrence-Haverhill, Mass.-N.H.",NH,892,0,published,"Vol. I Part 23 Table 10 p. 23-15 ('In New Hampshire'; not in area in 1950)"
"Huntington-Ashland, W.Va.-Ky.-Ohio",WV,92744,92862,published,"Vol. I Part 19 (Kentucky) Table 10 p. 19-18 ('In West Virginia')"
"Huntington-Ashland, W.Va.-Ky.-Ohio",KY,48091,42995,published,"Vol. I Part 19 Table 10 p. 19-18 ('In Kentucky')"
"Huntington-Ashland, W.Va.-Ky.-Ohio",OH,24897,20431,published,"Vol. I Part 19 Table 10 p. 19-18 ('In Ohio')"
"Fall River, Mass.-R.I.",MA,117787,116893,published,"Vol. I Part 23 Table 10 p. 23-15 ('In Massachusetts')"
"Fall River, Mass.-R.I.",RI,6164,1227,published,"Vol. I Part 23 Table 10 p. 23-15 ('In Rhode Island')"
"St. Joseph, Mo.-Kans.",KS,1191,1020,published,"Vol. I Part 18 (Kansas) Table 10 p. 18-29"
"St. Joseph, Mo.-Kans.",MO,79996,81270,derived_total_minus_other_parts,"totals minus KS part"
