GISJOIN,YEAR,REGIONA,DIVISIONA,STATE,STATEA,COUNTYA,CTY_SUBA,PLACEA,TRACTA,SCSAA,SMSAA,URB_AREA,URB_AREAA,AREANAME,CENCNTY,CBD,SEA,CEB001,CEB002,CEB003,CEB004,CEB005,CEB006,CEB007,CEB008,CEB009,CEB010,CEB011,CEB012,CEB013,CEB014,CEB015,CEB016,CEB017,CEB018
"G0101000","1970","3","6","Alabama","01",,,,,,,"Birmingham, AL","1000","Birmingham, AL",,,,171282,89272,133,80,60,60,12,24,101,191894,104663,171,103,49,31,24,43,97
"G0101800","1970","3","6","Alabama","01",,,,,,,"Columbus, GA-AL","1800","Columbus, GA-AL (AL pt)",,,,7622,4334,3,0,1,3,0,0,1,8241,5060,5,6,2,0,1,0,2
"G0102880","1970","3","6","Alabama","01",,,,,,,"Gadsden, AL","2880","Gadsden, AL",,,,26192,5834,12,11,2,1,1,0,10,28900,6701,14,11,0,8,0,5,4
"G0103440","1970","3","6","Alabama","01",,,,,,,"Huntsville, AL","3440","Huntsville, AL",,,,63230,8748,54,49,88,29,10,11,93,63690,10227,31,89,77,29,7,35,68
"G0105160","1970","3","6","Alabama","01",,,,,,,"Mobile, AL","5160","Mobile, AL",,,,80172,42202,111,22,26,52,11,2,51,86743,48120,113,53,28,33,3,12,62
"G0105240","1970","3","6","Alabama","01",,,,,,,"Montgomery, AL","5240","Montgomery, AL",,,,43370,20921,38,18,16,13,4,5,34,48807,25590,47,46,8,13,5,16,32
"G0108600","1970","3","6","Alabama","01",,,,,,,"Tuscaloosa, AL","8600","Tuscaloosa, AL",,,,31494,9970,9,11,23,1,0,14,20,32224,12047,10,15,12,3,1,9,12
"G0406200","1970","4","8","Arizona","04",,,,,,,"Phoenix, Ariz.","6200","Phoenix, Ariz.",,,,396368,14366,3710,576,1046,354,72,60,1846,421232,15480,4247,773,934,259,61,162,1811
"G0408520","1970","4","8","Arizona","04",,,,,,,"Tucson, AZ","8520","Tucson, AZ",,,,135679,4924,1270,140,487,88,45,31,588,143218,4847,1364,235,492,109,35,51,581
"G0502720","1970","3","7","Arkansas","05",,,,,,,"Fort Smith, AR-OK","2720","Fort Smith, AR-OK (AR pt)",,,,32200,2158,152,9,3,24,4,1,16,36081,2514,174,24,4,20,3,11,21
"G0504400","1970","3","7","Arkansas","05",,,,,,,"Little Rock-North Little Rock, AR","4400","Little Rock-North Little Rock, AR",,,,82196,22209,78,29,35,23,1,8,57,91875,25829,93,53,30,24,4,17,55
"G0506240","1970","3","7","Arkansas","05",,,,,,,"Pine Bluff, AR","6240","Pine Bluff, AR",,,,17197,11436,16,2,21,1,1,2,25,18736,13388,7,11,30,9,0,1,24
"G0508360","1970","3","7","Arkansas","05",,,,,,,"Texarkana, TX-AR","8360","Texarkana, TX-AR (AR pt)",,,,7485,2629,4,0,1,0,0,0,6,8495,3039,8,3,2,2,0,2,6
"G0600680","1970","4","9","California","06",,,,,,,"Bakersfield, CA","0680","Bakersfield, CA",,,,75375,6969,578,127,328,124,16,15,1295,81047,7732,605,146,328,91,14,14,1351
"G0602840","1970","4","9","California","06",,,,,,,"Fresno, CA","2840","Fresno, CA",,,,112995,8627,510,1153,995,288,33,27,1730,122590,9195,623,1156,880,220,25,48,1813
"G0604480","1970","4","9","California","06",,,,,,,"Los Angeles-Long Beach, CA","4480","Los Angeles-Long Beach, CA",,,,3535244,366438,13342,54985,22450,19529,2998,4417,26822,3755704,404407,14616,59253,21041,16609,2646,4907,25858
"G0605170","1970","4","9","California","06",,,,,,,"Modesto, CA","5170","Modesto, CA",,,,49544,837,167,74,125,65,15,4,453,53127,808,189,97,127,55,10,14,396
"G0606000","1970","4","9","California","06",,,,,,,"Oxnard-Ventura, CA","6000","Oxnard-Ventura, CA",,,,114894,2844,393,861,290,642,69,42,892,117120,3020,434,1174,291,581,89,74,943
"G0606920","1970","4","9","California","06",,,,,,,"Sacramento, CA","6920","Sacramento, CA",,,,278064,17022,1187,4175,4734,1290,184,123,1493,293695,17904,1348,4900,4579,1156,152,212,1514
"G0607119","1970","4","9","California","06",,,,,,,"Salinas, CA","7119","Salinas, CA",,,,27402,510,153,219,345,1320,2,13,567,29019,417,162,259,328,1101,3,31,605
"G0607279","1970","4","9","California","06",,,,,,,"San Bernardino-Riverside, CA","7279","San Bernardino-Riverside, CA",,,,263577,15004,1175,625,383,406,116,89,2230,278947,15483,1224,987,395,355,126,140,2335
"G0607320","1970","4","9","California","06",,,,,,,"San Diego, CA","7320","San Diego, CA",,,,566059,31434,2231,2425,1647,8254,706,138,5018,532839,28482,1874,4485,1525,6170,628,294,4114
"G0607360","1970","4","9","California","06",,,,,,,"San Francisco-Oakland, CA","7360","San Francisco-Oakland, CA",,,,1193731,162859,5689,14243,45061,23621,1800,1105,10700,1255887,171909,5893,17826,42776,21111,1836,1537,10266
"G0607400","1970","4","9","California","06",,,,,,,"San Jose, CA","7400","San Jose, CA",,,,475247,9030,1939,7554,4007,3333,378,296,2958,491541,8791,1939,8296,3686,3032,349,381,2516
"G0607480","1970","4","9","California","06",,,,,,,"Santa Barbara, CA","7480","Santa Barbara, CA",,,,58544,1374,247,341,353,143,90,65,639,64842,1412,226,392,290,130,63,68,555
"G0607500","1970","4","9","California","06",,,,,,,"Santa Rosa, CA","7500","Santa Rosa, CA",,,,33886,547,340,67,91,113,28,7,210,38332,611,356,116,87,71,18,10,193
"G0607580","1970","4","9","California","06",,,,,,,"Seaside-Monterey, CA","7580","Seaside-Monterey, CA",,,,41205,4322,205,690,266,1025,95,73,896,37578,3812,145,1012,231,889,59,188,593
"G0607700","1970","4","9","California","06",,,,,,,"Simi Valley, CA","7700","Simi Valley, CA",,,,27925,95,72,76,30,26,11,9,34,28281,88,67,101,18,42,11,15,35
"G0608120","1970","4","9","California","06",,,,,,,"Stockton, CA","8120","Stockton, CA",,,,64329,6960,334,965,1764,3270,31,35,787,68652,7513,384,1034,1587,1768,31,48,881
"G0801130","1970","4","8","Colorado","08",,,,,,,"Boulder, CO","1130","Boulder, CO",,,,33424,308,68,145,96,18,15,28,143,33652,274,67,159,83,13,6,25,110
"G0801720","1970","4","8","Colorado","08",,,,,,,"Colorado Springs, CO","1720","Colorado Springs, CO",,,,99041,7036,349,147,60,147,60,39,400,91390,4584,239,495,69,119,30,157,404
"G0802080","1970","4","8","Colorado","08",,,,,,,"Denver, CO","2080","Denver, CO",,,,476564,23973,1984,2138,476,269,76,134,2059,506654,25396,2025,2546,397,260,66,225,2069
"G0806560","1970","4","8","Colorado","08",,,,,,,"Pueblo, CO","6560","Pueblo, CO",,,,49079,1027,71,44,34,31,1,3,166,51418,1082,82,54,24,10,3,3,168
"G0901160","1970","1","1","Connecticut","09",,,,,,,"Bridgeport, CT","1160","Bridgeport, CT",,,,184268,14407,146,73,89,163,6,43,666,196358,16038,171,85,101,70,7,53,622
"G0901170","1970","1","1","Connecticut","09",,,,,,,"Bristol, CT","1170","Bristol, CT",,,,34460,308,26,13,9,19,0,0,35,36459,317,25,14,9,4,0,4,30
"G0901930","1970","1","1","Connecticut","09",,,,,,,"Danbury, CT-NY","1930","Danbury, CT-NY (CT pt)",,,,30681,1459,33,7,25,12,1,0,41,32926,1329,43,11,24,9,1,3,46
"G0903280","1970","1","1","Connecticut","09",,,,,,,"Hartford, CT","3280","Hartford, CT",,,,197753,22991,178,101,157,143,12,57,751,215816,25564,177,149,142,106,8,73,823
"G0904960","1970","1","1","Connecticut","09",,,,,,,"Meriden, CT","4960","Meriden, CT",,,,45609,2073,27,32,27,12,2,9,84,48319,2076,34,28,19,13,3,12,75
"G0905440","1970","1","1","Connecticut","09",,,,,,,"New Britain, CT","5440","New Britain, CT",,,,61453,1936,35,19,18,37,2,6,177,65363,1987,35,36,21,18,0,15,191
"G0905480","1970","1","1","Connecticut","09",,,,,,,"New Haven, CT","5480","New Haven, CT",,,,146959,19014,118,141,256,79,10,66,478,158093,22020,144,170,213,103,9,83,385
"G0905760","1970","1","1","Connecticut","09",,,,,,,"Norwalk, CT","5760","Norwalk, CT",,,,46611,4290,19,37,51,9,7,9,67,50111,5257,25,52,44,27,8,9,74
"G0908000","1970","1","1","Connecticut","09",,,,,,,"Springfield-Chicopee-Holyoke, MA-CT","8000","Springfield-Chicopee-Holyoke, MA-CT (CT pt)",,,,28177,216,10,12,6,4,2,0,23,29442,213,13,21,6,8,1,1,18
"G0908040","1970","1","1","Connecticut","09",,,,,,,"Stamford, CT","8040","Stamford, CT",,,,80489,6646,50,43,175,40,2,18,152,88558,8185,63,56,169,47,0,18,187
"G0908880","1970","1","1","Connecticut","09",,,,,,,"Waterbury, CT","8880","Waterbury, CT",,,,69491,5280,54,17,29,36,0,6,121,75723,5921,73,25,12,40,1,6,151
"G1009160","1970","3","5","Delaware","10",,,,,,,"Wilmington, DE-NJ-MD","9160","Wilmington, DE-NJ-MD (DE pt)",,,,146486,21784,89,93,242,110,11,50,236,155715,24086,91,108,221,93,13,57,189
"G1108840","1970","3","5","District Of Columbia","11",,,,,,,"Washington, DC-MD-VA","8840","Washington, DC-MD-VA (DC pt)",,,,94088,252602,415,241,1405,789,42,183,1726,115184,285110,541,410,1177,873,44,208,1472
"G1202680","1970","3","5","Florida","12",,,,,,,"Fort Lauderdale-Hollywood, FL","2680","Fort Lauderdale-Hollywood, FL",,,,254187,37128,319,127,151,122,37,27,213,280665,39813,342,210,127,67,34,57,171
"G1202900","1970","3","5","Florida","12",,,,,,,"Gainesville, FL","2900","Gainesville, FL",,,,28928,5586,12,35,87,20,1,19,93,27881,6494,12,31,59,12,2,11,46
"G1203600","1970","3","5","Florida","12",,,,,,,"Jacksonville, FL","3600","Jacksonville, FL",,,,203408,55074,233,102,129,878,24,52,245,204809,63241,230,209,125,503,43,71,209
"G1205000","1970","3","5","Florida","12",,,,,,,"Miami, FL","5000","Miami, FL",,,,488555,84914,339,284,711,408,45,59,1130,545540,94698,428,473,543,252,49,92,1141
"G1205960","1970","3","5","Florida","12",,,,,,,"Orlando, FL","5960","Orlando, FL",,,,128051,19950,129,58,42,98,17,15,83,135444,21061,133,163,53,61,9,26,86
"G1206080","1970","3","5","Florida","12",,,,,,,"Pensacola, FL","6080","Pensacola, FL",,,,65948,16101,194,25,24,627,14,10,107,64654,18131,187,98,24,344,11,13,107
"G1207060","1970","3","5","Florida","12",,,,,,,"St. Petersburg, FL","7060","St. Petersburg, FL",,,,207396,19289,158,146,60,100,11,63,112,245088,21929,176,236,80,64,18,115,118
"G1208240","1970","3","5","Florida","12",,,,,,,"Tallahassee, FL","8240","Tallahassee, FL",,,,27928,8958,21,28,63,20,5,28,66,29988,10523,32,37,60,11,6,20,57
"G1208279","1970","3","5","Florida","12",,,,,,,"Tampa, FL","8279","Tampa, FL",,,,150979,26150,160,68,46,48,15,19,126,161049,29348,182,198,59,74,12,55,154
"G1208960","1970","3","5","Florida","12",,,,,,,"West Palm Beach, FL","8960","West Palm Beach, FL",,,,116219,19044,69,69,38,34,9,10,146,130427,21017,109,141,37,21,14,16,141
"G1300120","1970","3","5","Georgia","13",,,,,,,"Albany, GA","0120","Albany, GA",,,,23490,13025,24,1,8,103,10,4,30,23948,15728,24,24,4,51,7,3,28
"G1300520","1970","3","5","Georgia","13",,,,,,,"Atlanta, GA","0520","Atlanta, GA",,,,424397,136338,389,197,429,119,25,78,337,450938,158064,363,305,252,95,28,120,304
"G1300600","1970","3","5","Georgia","13",,,,,,,"Augusta, GA-SC","0600","Augusta, GA-SC (GA pt)",,,,39795,19690,39,20,109,30,9,23,68,43170,23307,55,131,114,41,4,94,71
"G1301560","1970","3","5","Georgia","13",,,,,,,"Chattanooga, TN-GA","1560","Chattanooga, TN-GA (GA pt)",,,,13510,302,6,3,0,0,0,0,4,14791,307,7,5,1,1,0,4,6
"G1301800","1970","3","5","Georgia","13",,,,,,,"Columbus, GA-AL","1800","Columbus, GA-AL (GA pt)",,,,71448,21288,145,87,29,72,50,49,296,65744,23464,53,206,27,65,26,137,149
"G1304680","1970","3","5","Georgia","13",,,,,,,"Macon, GA","4680","Macon, GA",,,,38011,21168,8,3,2,16,0,2,13,43013,25765,14,18,4,3,4,4,17
"G1307520","1970","3","5","Georgia","13",,,,,,,"Savannah, GA","7520","Savannah, GA",,,,49344,28252,57,21,87,32,17,17,184,52145,33270,41,41,90,31,11,44,69
"G1503320","1970","4","9","Hawaii","15",,,,,,,"Honolulu, HI","3320","Honolulu, HI",,,,89107,2766,359,66230,20078,26482,15378,2791,4629,77396,1597,259,71564,20009,20636,15477,3212,4427
"G1601080","1970","4","8","Idaho","16",,,,,,,"Boise City, ID","1080","Boise City, ID",,,,40478,132,98,77,49,2,19,5,82,43768,141,89,80,48,3,19,19,78
"G1700620","1970","2","3","Illinois","17",,,,,,,"Aurora, IL","0620","Aurora, IL",,,,108647,4132,76,46,62,35,0,17,293,114659,4387,92,88,54,39,4,31,255
"G1701040","1970","2","3","Illinois","17",,,,,,,"Bloomington-Normal, IL","1040","Bloomington-Normal, IL",,,,30742,955,26,11,56,12,0,9,29,36345,1069,18,17,60,10,1,13,19
"G1701400","1970","2","3","Illinois","17",,,,,,,"Champaign-Urbana, IL","1400","Champaign-Urbana, IL",,,,46119,4052,27,198,399,32,5,59,227,44084,4497,32,154,288,54,2,52,136
"G1701601","1970","2","3","Illinois","17",,,,,,,"Chicago, IL-Northwestern IN","1601","Chicago, IL-Northwestern IN  (IL pt)",,,,2387653,565445,3974,7351,6618,5368,211,1308,11446,2520676,639110,4264,7445,5741,6239,237,1454,10616
"G1701960","1970","2","3","Illinois","17",,,,,,,"Davenport-Rock Island-Moline, IA-IL","1960","Davenport-Rock Island-Moline, IA-IL (IL pt)",,,,63634,3561,53,22,23,21,7,4,184,68292,3698,74,43,16,14,9,18,151
"G1702040","1970","2","3","Illinois","17",,,,,,,"Decatur, IL","2040","Decatur, IL",,,,42421,4695,18,11,5,15,3,7,20,47214,5169,34,24,6,7,7,14,23
"G1702201","1970","2","3","Illinois","17",,,,,,,"Dubuque, IA-IL","2201","Dubuque, IA-IL (IL pt)",,,,1182,0,0,0,0,0,0,0,2,1223,0,0,0,0,0,0,0,1
"G1703700","1970","2","3","Illinois","17",,,,,,,"Joliet, IL","3700","Joliet, IL",,,,68951,6962,65,15,22,22,4,9,163,71633,7269,94,41,24,32,4,29,161
"G1706120","1970","2","3","Illinois","17",,,,,,,"Peoria, IL","6120","Peoria, IL",,,,111739,6939,88,45,64,51,4,20,154,119718,7832,96,100,58,39,18,23,133
"G1706880","1970","2","3","Illinois","17",,,,,,,"Rockford, IL","6880","Rockford, IL",,,,92230,7306,82,30,38,8,7,9,138,97914,7945,111,55,35,45,1,12,118
"G1707040","1970","2","3","Illinois","17",,,,,,,"St. Louis, MO-IL","7040","St. Louis, MO-IL (IL pt)",,,,118833,30685,111,45,31,38,10,13,122,127945,36168,145,97,27,38,17,31,120
"G1707880","1970","2","3","Illinois","17",,,,,,,"Springfield, IL","7880","Springfield, IL",,,,51904,3529,20,16,24,17,3,10,43,60885,4177,29,33,26,18,4,11,45
"G1800400","1970","2","3","Indiana","18",,,,,,,"Anderson, IN","0400","Anderson, IN",,,,35196,3482,27,17,9,4,0,2,12,38095,3782,23,25,3,5,1,7,14
"G1801601","1970","2","3","Indiana","18",,,,,,,"Chicago, IL-Northwestern IN","1601","Chicago, IL-Northwestern IN  (IN pt)",,,,205414,53126,221,53,77,132,6,27,595,209774,58802,213,126,60,155,14,52,575
"G1802439","1970","2","3","Indiana","18",,,,,,,"Evansville, IN","2439","Evansville, IN",,,,61861,4707,45,9,15,15,2,5,42,70151,5473,54,21,12,11,8,14,31
"G1802760","1970","2","3","Indiana","18",,,,,,,"Fort Wayne, IN","2760","Fort Wayne, IN",,,,98571,9216,124,36,92,49,9,14,165,106490,9978,118,50,55,43,15,29,130
"G1803480","1970","2","3","Indiana","18",,,,,,,"Indianapolis, IN","3480","Indianapolis, IN",,,,328803,63153,279,151,271,126,25,48,312,354618,71060,313,286,251,136,39,102,286
"G1803920","1970","2","3","Indiana","18",,,,,,,"Lafayette-West Lafayette, IN","3920","Lafayette-West Lafayette, IN",,,,39330,519,41,66,224,12,3,37,198,37820,455,37,53,148,25,3,33,113
"G1804520","1970","2","3","Indiana","18",,,,,,,"Louisville, KY-IN","4520","Louisville, KY-IN (IN pt)",,,,36216,2271,13,6,13,4,5,0,18,40246,2626,11,17,15,8,3,3,13
"G1805280","1970","2","3","Indiana","18",,,,,,,"Muncie, IN","5280","Muncie, IN",,,,39788,3370,40,10,11,19,5,5,56,43403,3548,38,23,18,10,17,13,53
"G1807801","1970","2","3","Indiana","18",,,,,,,"South Bend, IN-MI","7801","South Bend, IN-MI (IN pt)",,,,117814,10873,145,72,111,37,10,21,180,123465,11812,165,89,96,31,10,43,174
"G1808320","1970","2","3","Indiana","18",,,,,,,"Terre Haute, IN","8320","Terre Haute, IN",,,,35863,2234,21,34,31,12,5,10,56,39964,2522,26,31,25,22,2,10,40
"G1901360","1970","2","4","Iowa","19",,,,,,,"Cedar Rapids, IA","1360","Cedar Rapids, IA",,,,61994,869,70,22,37,15,0,12,74,67757,892,70,32,29,18,4,11,102
"G1901960","1970","2","4","Iowa","19",,,,,,,"Davenport-Rock Island-Moline, IA-IL","1960","Davenport-Rock Island-Moline, IA-IL (IA pt)",,,,59294,1987,54,19,14,28,5,10,67,62423,2162,53,33,17,15,3,25,86
"G1902120","1970","2","4","Iowa","19",,,,,,,"Des Moines, IA","2120","Des Moines, IA",,,,114916,5622,101,48,56,64,11,32,253,127951,6178,134,67,36,72,4,58,221
"G1902201","1970","2","4","Iowa","19",,,,,,,"Dubuque, IA-IL","2201","Dubuque, IA-IL (IA pt)",,,,29847,53,8,12,14,5,1,6,8,33076,48,9,10,14,1,4,6,20
"G1905920","1970","2","4","Iowa","19",,,,,,,"Omaha, NE-IA","5920","Omaha, NE-IA (IA pt)",,,,30637,259,46,9,4,7,3,6,19,33397,325,43,26,9,13,12,5,27
"G1907721","1970","2","4","Iowa","19",,,,,,,"Sioux City, IA-NE-SD","7721","Sioux City, IA-NE-SD (IA pt)",,,,40162,486,314,13,2,3,1,4,52,45101,523,387,29,2,14,0,11,53
"G1908920","1970","2","4","Iowa","19",,,,,,,"Waterloo, IA","8920","Waterloo, IA",,,,50219,3169,67,15,46,5,3,15,78,55554,3460,71,26,33,6,9,22,83
"G2003760","1970","2","4","Kansas","20",,,,,,,"Kansas City, MO-KS","3760","Kansas City, MO-KS (KS pt)",,,,151735,16209,291,68,63,66,16,26,319,161922,18631,298,103,59,72,15,36,279
"G2007001","1970","2","4","Kansas","20",,,,,,,"St. Joseph, MO-KS","7001","St. Joseph, MO-KS (KS pt)",,,,525,100,1,0,0,0,0,0,0,558,99,0,0,0,0,0,0,0
"G2008440","1970","2","4","Kansas","20",,,,,,,"Topeka, KS","8440","Topeka, KS",,,,58011,5394,417,52,38,26,12,8,210,61396,5696,466,90,37,30,16,17,192
"G2009040","1970","2","4","Kansas","20",,,,,,,"Wichita, KS","9040","Wichita, KS",,,,131703,12977,796,58,159,57,21,20,357,139992,14602,888,184,124,58,12,41,285
"G2101639","1970","3","6","Kentucky","21",,,,,,,"Cincinnati, OH-KY","1639","Cincinnati, OH-KY (KY pt)",,,,90830,2050,40,21,16,13,0,4,13,101384,2430,53,46,14,33,3,4,24
"G2103400","1970","3","6","Kentucky","21",,,,,,,"Huntington-Ashland, WV-KY-OH","3400","Huntington-Ashland, WV-KY-OH (KY pt)",,,,24960,341,6,4,1,4,0,1,12,27540,412,10,7,1,7,0,0,10
"G2104280","1970","3","6","Kentucky","21",,,,,,,"Lexington--Fayette, KY","4280","Lexington-Fayette, KY",,,,67089,9211,32,38,59,24,1,20,130,72161,10496,43,50,45,16,2,15,106
"G2104520","1970","3","6","Kentucky","21",,,,,,,"Louisville, KY-IN","4520","Louisville, KY-IN (KY pt)",,,,269118,43739,143,92,111,83,11,34,205,293015,50543,210,164,86,84,12,69,189
"G2105990","1970","3","6","Kentucky","21",,,,,,,"Owensboro, KY","5990","Owensboro, KY",,,,23470,1399,8,7,0,2,1,1,15,26471,1720,10,7,2,2,1,0,17
"G2200760","1970","3","7","Louisiana","22",,,,,,,"Baton Rouge, LA","0760","Baton Rouge, LA",,,,84497,35070,50,42,95,19,3,10,244,88669,40429,62,42,78,11,3,19,120
"G2203880","1970","3","7","Louisiana","22",,,,,,,"Lafayette, LA","3880","Lafayette, LA",,,,29494,8313,10,5,15,4,4,2,47,31246,9319,20,9,4,5,6,2,39
"G2203960","1970","3","7","Louisiana","22",,,,,,,"Lake Charles, LA","3960","Lake Charles, LA",,,,30169,12352,26,5,4,4,0,2,25,32084,13491,34,14,2,7,1,10,30
"G2205200","1970","3","7","Louisiana","22",,,,,,,"Monroe, LA","5200","Monroe, LA",,,,30399,12428,16,2,15,4,0,3,18,32839,14769,12,14,18,3,1,3,23
"G2205560","1970","3","7","Louisiana","22",,,,,,,"New Orleans, LA","5560","New Orleans, LA",,,,311161,143096,361,176,421,518,52,49,463,338753,164725,414,280,336,343,49,68,463
"G2207680","1970","3","7","Louisiana","22",,,,,,,"Shreveport, LA","7680","Shreveport, LA",,,,75615,34275,76,19,35,12,4,7,121,83640,40343,105,85,43,24,6,18,136
"G2304240","1970","1","1","Maine","23",,,,,,,"Lewiston-Auburn, ME","4240","Lewiston-Auburn, ME",,,,30330,56,17,8,10,15,0,0,21,34627,44,24,14,14,9,1,2,20
"G2306400","1970","1","1","Maine","23",,,,,,,"Portland, ME","6400","Portland, ME",,,,49329,229,41,10,18,73,7,6,19,56497,223,43,20,11,29,1,7,36
"G2400720","1970","3","5","Maryland","24",,,,,,,"Baltimore, MD","0720","Baltimore, MD",,,,543228,208444,1081,291,875,850,65,246,897,586424,233193,1118,528,751,680,53,283,774
"G2408840","1970","3","5","Maryland","24",,,,,,,"Washington, DC-MD-VA","8840","Washington, DC-MD-VA (MD pt)",,,,439533,45785,550,772,2107,1171,62,507,1418,461673,48632,567,1239,2052,1068,60,603,1339
"G2501120","1970","1","1","Massachusetts","25",,,,,,,"Boston, MA","1120","Boston, MA",,,,1182442,57764,995,1090,6341,696,59,354,2436,1320773,68181,1115,1469,5489,674,75,407,2215
"G2501200","1970","1","1","Massachusetts","25",,,,,,,"Brockton, MA","1200","Brockton, MA",,,,70002,1287,51,19,65,18,3,3,69,75699,1363,63,62,48,25,3,3,61
"G2502480","1970","1","1","Massachusetts","25",,,,,,,"Fall River, MA-RI","2480","Fall River, MA-RI (MA pt)",,,,57404,230,19,20,83,128,0,4,69,65008,223,27,32,59,102,0,5,78
"G2502600","1970","1","1","Massachusetts","25",,,,,,,"Fitchburg-Leominster, MA","2600","Fitchburg-Leominster, MA",,,,36522,309,17,12,13,9,3,3,25,40666,345,19,44,14,10,4,10,28
"G2504160","1970","1","1","Massachusetts","25",,,,,,,"Lawrence-Haverhill, MA-NH","4160","Lawrence-Haverhill, MA-NH (MA pt)",,,,85117,610,49,59,49,21,0,14,102,95462,638,52,87,49,8,2,25,94
"G2504561","1970","1","1","Massachusetts","25",,,,,,,"Lowell, MA","4561","Lowell, MA",,,,87881,492,36,42,101,17,2,12,84,93254,514,43,58,64,18,2,22,89
"G2505400","1970","1","1","Massachusetts","25",,,,,,,"New Bedford, MA","5400","New Bedford, MA",,,,60522,1771,62,32,55,32,3,11,231,68546,1941,95,54,35,13,5,10,249
"G2506320","1970","1","1","Massachusetts","25",,,,,,,"Pittsfield, MA","6320","Pittsfield, MA",,,,29045,547,16,14,19,6,1,2,28,32476,596,16,30,22,15,1,5,33
"G2506480","1970","1","1","Massachusetts","25",,,,,,,"Providence-Pawtucket-Warwick, RI-MA","6480","Providence-Pawtucket-Warwick, RI-MA (MA pt)",,,,31629,64,17,3,29,2,1,5,32,34029,78,9,22,20,5,1,5,23
"G2508000","1970","1","1","Massachusetts","25",,,,,,,"Springfield-Chicopee-Holyoke, MA-CT","8000","Springfield-Chicopee-Holyoke, MA-CT (MA pt)",,,,204241,11191,106,97,72,59,16,39,330,226664,12392,133,235,127,54,15,59,305
"G2509240","1970","1","1","Massachusetts","25",,,,,,,"Worcester, MA","9240","Worcester, MA",,,,116632,1671,109,47,98,23,0,34,182,126441,1734,102,89,62,31,6,32,123
"G2600440","1970","2","3","Michigan","26",,,,,,,"Ann Arbor, MI","0440","Ann Arbor, MI",,,,79104,7620,129,280,487,77,23,120,359,81232,7900,102,263,439,75,23,114,258
"G2600800","1970","2","3","Michigan","26",,,,,,,"Bay City, MI","0800","Bay City, MI",,,,37168,348,54,15,4,0,0,4,62,39911,373,52,19,4,5,1,7,70
"G2602160","1970","2","3","Michigan","26",,,,,,,"Detroit, MI","2160","Detroit, MI",,,,1560435,360566,2717,1127,2099,1281,76,407,3565,1635084,392036,2771,1488,1748,1357,113,529,3185
"G2602640","1970","2","3","Michigan","26",,,,,,,"Flint, MI","2640","Flint, MI",,,,131467,29029,217,34,68,34,14,20,340,137489,30593,268,81,73,45,11,31,314
"G2603000","1970","2","3","Michigan","26",,,,,,,"Grand Rapids, MI","3000","Grand Rapids, MI",,,,156778,11019,486,53,41,10,12,19,227,171177,11890,549,104,39,22,19,33,225
"G2603520","1970","2","3","Michigan","26",,,,,,,"Jackson, MI","3520","Jackson, MI",,,,34465,2844,48,34,13,2,0,4,81,37675,3178,39,80,9,3,0,7,90
"G2603720","1970","2","3","Michigan","26",,,,,,,"Kalamazoo, MI","3720","Kalamazoo, MI",,,,68111,4370,88,41,71,7,1,13,175,74063,4681,106,85,64,19,5,32,151
"G2604040","1970","2","3","Michigan","26",,,,,,,"Lansing, MI","4040","Lansing, MI",,,,104477,7105,297,120,304,57,9,86,312,108458,7254,297,118,228,72,12,71,241
"G2605320","1970","2","3","Michigan","26",,,,,,,"Muskegon-Muskegon Heights, MI","5320","Muskegon-Muskegon Heights, MI",,,,42956,7514,136,6,21,1,2,6,82,46475,8234,145,20,11,3,2,17,85
"G2606960","1970","2","3","Michigan","26",,,,,,,"Saginaw, MI","6960","Saginaw, MI",,,,57911,12919,70,26,12,26,1,12,325,62144,13644,71,45,12,28,4,17,285
"G2607801","1970","2","3","Michigan","26",,,,,,,"South Bend, IN-MI","7801","South Bend, IN-MI (MI pt)",,,,10713,588,18,0,2,1,0,2,31,11361,659,16,5,2,0,0,4,22
"G2608400","1970","2","3","Michigan","26",,,,,,,"Toledo, OH-MI","8400","Toledo, OH-MI (MI pt)",,,,5879,1,1,3,0,1,0,1,2,5963,0,3,3,0,1,0,2,1
"G2702240","1970","2","4","Minnesota","27",,,,,,,"Duluth-Superior, MN-WI","2240","Duluth-Superior, MN-WI (MN pt)",,,,49750,525,301,15,55,15,3,0,51,54051,403,326,38,36,21,7,2,40
"G2702520","1970","2","4","Minnesota","27",,,,,,,"Fargo-Moorhead, ND-MN","2520","Fargo-Moorhead, ND-MN (MN pt)",,,,15442,46,46,10,12,5,0,7,25,16309,25,40,7,9,7,0,6,30
"G2703871","1970","2","4","Minnesota","27",,,,,,,"La Crosse, WI-MN","3871","La Crosse, WI-MN (MN pt)",,,,1560,1,0,0,0,0,0,0,1,1578,0,0,1,0,0,0,0,1
"G2705120","1970","2","4","Minnesota","27",,,,,,,"Minneapolis-St. Paul, MN","5120","Minneapolis-St. Paul, MN",,,,794511,15781,4528,845,1101,504,57,283,1164,860715,16084,5050,1091,869,444,44,345,1007
"G2706820","1970","2","4","Minnesota","27",,,,,,,"Rochester, MN","6820","Rochester, MN",,,,25616,95,10,41,38,7,1,6,34,30324,91,14,39,38,198,7,11,34
"G2800920","1970","3","6","Mississippi","28",,,,,,,"Biloxi-Gulfport, MS","0920","Biloxi-Gulfport, MS",,,,52740,10795,66,78,23,90,26,3,102,45936,11428,61,73,16,61,7,11,85
"G2803560","1970","3","6","Mississippi","28",,,,,,,"Jackson, MS","3560","Jackson, MS",,,,58244,30792,54,22,12,9,2,2,34,65036,35701,71,23,19,8,1,2,28
"G2804921","1970","3","6","Mississippi","28",,,,,,,"Memphis, TN-MS","4921","Memphis, TN-MS (MS pt)",,,,4335,7,0,0,0,1,0,0,1,4580,4,0,1,0,0,0,2,0
"G2901740","1970","2","4","Missouri","29",,,,,,,"Columbia, Mo.","1740","Columbia, Mo.",,,,25844,1779,23,36,173,35,3,48,101,28733,2090,30,33,150,45,1,42,65
"G2903760","1970","2","4","Missouri","29",,,,,,,"Kansas City, MO-KS","3760","Kansas City, MO-KS (MO pt)",,,,301525,53417,736,155,188,241,45,47,811,331774,60290,797,322,169,195,40,85,742
"G2907001","1970","2","4","Missouri","29",,,,,,,"St. Joseph, MO-KS","7001","St. Joseph, MO-KS (MO pt)",,,,34043,1195,30,6,2,6,4,2,62,39151,1308,37,15,5,10,4,4,56
"G2907040","1970","2","4","Missouri","29",,,,,,,"St. Louis, MO-IL","7040","St. Louis, MO-IL (MO pt)",,,,597466,139145,571,470,762,646,44,176,798,664307,160631,668,591,689,507,45,230,722
"G2907920","1970","2","4","Missouri","29",,,,,,,"Springfield, MO","7920","Springfield, MO",,,,55643,1243,99,20,33,18,0,10,34,62894,1136,83,36,24,17,6,13,31
"G3000880","1970","4","8","Montana","30",,,,,,,"Billings, MT","0880","Billings, MT",,,,33640,130,442,25,26,4,6,6,72,36141,91,491,33,21,3,7,4,55
"G3003040","1970","4","8","Montana","30",,,,,,,"Great Falls, MT","3040","Great Falls, MT",,,,33973,629,543,23,27,54,10,7,72,34185,428,723,74,16,45,8,16,72
"G3104360","1970","2","4","Nebraska","31",,,,,,,"Lincoln, NE","4360","Lincoln, NE",,,,72411,1252,252,45,153,27,10,12,192,77383,1101,245,70,71,29,14,23,153
"G3105920","1970","2","4","Nebraska","31",,,,,,,"Omaha, NE-IA","5920","Omaha, NE-IA (NE pt)",,,,187907,17206,620,193,117,78,29,31,256,200034,18926,655,341,105,92,15,58,266
"G3107721","1970","2","4","Nebraska","31",,,,,,,"Sioux City, IA-NE-SD","7721","Sioux City, IA-NE-SD (NE pt)",,,,3716,20,56,0,0,0,0,0,5,4041,15,62,1,1,1,1,0,1
"G3204120","1970","4","8","Nevada","32",,,,,,,"Las Vegas, NV","4120","Las Vegas, NV",,,,106588,11889,381,215,246,302,55,40,449,102710,12055,378,388,200,242,56,74,413
"G3206720","1970","4","8","Nevada","32",,,,,,,"Reno, NV","6720","Reno, NV",,,,47444,935,410,102,217,60,19,32,134,48479,888,436,133,172,53,13,47,113
"G3304160","1970","1","1","New Hampshire","33",,,,,,,"Lawrence-Haverhill, MA-NH","4160","Lawrence-Haverhill, MA-NH (NH pt)",,,,8908,7,5,3,11,6,0,1,5,8862,5,4,5,9,5,1,1,4
"G3304760","1970","1","1","New Hampshire","33",,,,,,,"Manchester, NH","4760","Manchester, NH",,,,45084,129,17,12,25,5,1,2,32,49615,107,21,21,32,3,2,6,26
"G3305350","1970","1","1","New Hampshire","33",,,,,,,"Nashua, NH","5350","Nashua, NH",,,,29261,120,16,11,15,6,2,0,45,31259,125,16,20,12,8,5,5,35
"G3400240","1970","1","2","New Jersey","34",,,,,,,"Allentown-Bethlehem-Easton, PA-NJ","0240","Allentown-Bethlehem-Easton, PA-NJ (NJ pt)",,,,11923,75,0,4,1,6,0,2,6,13089,79,2,8,0,1,0,2,3
"G3400560","1970","1","2","New Jersey","34",,,,,,,"Atlantic City, NJ","0560","Atlantic City, NJ",,,,48608,12208,38,15,54,14,7,4,345,57336,14897,65,34,46,6,1,9,329
"G3405601","1970","1","2","New Jersey","34",,,,,,,"New York, NY-Northeastern NJ","5601","New York, NY-Northeastern NJ (NJ pt)",,,,2051836,254933,1364,1536,3786,2043,128,585,7590,2203655,292121,1620,1971,3334,2424,123,962,7254
"G3406160","1970","1","2","New Jersey","34",,,,,,,"Philadelphia, PA-NJ","6160","Philadelphia, PA-NJ (NJ pt)",,,,322553,34599,199,158,330,196,32,70,714,344737,38426,264,392,314,171,27,136,727
"G3408481","1970","1","2","New Jersey","34",,,,,,,"Trenton, NJ-PA","8481","Trenton, NJ-PA (NJ pt)",,,,93248,22521,78,21,80,32,18,28,226,101443,24415,109,62,78,48,14,51,201
"G3408760","1970","1","2","New Jersey","34",,,,,,,"Vineland-Millville, NJ","8760","Vineland-Millville, NJ",,,,32639,1687,24,15,18,18,1,2,117,36738,2098,34,20,9,25,2,4,128
"G3409160","1970","1","2","New Jersey","34",,,,,,,"Wilmington, DE-NJ-MD","9160","Wilmington, DE-NJ-MD (NJ pt)",,,,9847,725,6,0,2,2,0,0,5,10137,850,3,10,1,1,0,1,3
"G3500200","1970","4","8","New Mexico","35",,,,,,,"Albuquerque, NM","0200","Albuquerque, NM",,,,138525,3149,1699,131,141,55,19,15,730,146259,3465,2013,273,113,77,19,42,726
"G3600160","1970","1","2","New York","36",,,,,,,"Albany-Schenectady-Troy, NY","0160","Albany-Schenectady-Troy, NY",,,,219140,10486,173,133,356,127,14,90,386,243044,11421,185,179,228,127,15,95,326
"G3600959","1970","1","2","New York","36",,,,,,,"Binghamton, NY","0959","Binghamton, NY",,,,78200,1022,36,65,119,31,5,16,128,86206,1024,38,67,86,32,2,30,117
"G3601280","1970","1","2","New York","36",,,,,,,"Buffalo, NY","1280","Buffalo, NY",,,,464041,50471,1543,250,479,150,17,149,731,509107,56211,1721,376,331,166,31,184,636
"G3605601","1970","1","2","New York","36",,,,,,,"New York, NY-Northeastern NJ","5601","New York, NY-Northeastern NJ (NY pt)",,,,4427704,855453,5117,8238,40959,6021,426,2395,35394,4872477,1017880,6568,8683,35021,6544,452,2668,37576
"G3606840","1970","1","2","New York","36",,,,,,,"Rochester, NY","6840","Rochester, NY",,,,261715,24487,550,141,275,64,15,59,629,284895,26756,597,195,253,76,19,84,551
"G3608160","1970","1","2","New York","36",,,,,,,"Syracuse, NY","8160","Syracuse, NY",,,,168174,10639,643,119,228,70,12,61,348,182598,11727,716,189,161,108,19,62,295
"G3608680","1970","1","2","New York","36",,,,,,,"Utica-Rome, NY","8680","Utica-Rome, NY",,,,82730,3596,63,41,41,15,9,5,114,89784,3655,64,72,36,32,5,16,77
"G3700480","1970","3","5","North Carolina","37",,,,,,,"Asheville, NC","0480","Asheville, NC",,,,28009,5154,25,5,11,1,0,6,14,32923,6207,32,18,12,6,0,8,20
"G3701520","1970","3","5","North Carolina","37",,,,,,,"Charlotte, NC","1520","Charlotte, NC",,,,96791,34245,321,25,57,8,8,10,74,107909,39574,299,55,47,10,17,13,67
"G3702280","1970","3","5","North Carolina","37",,,,,,,"Durham, NC","2280","Durham, NC",,,,30030,16720,47,28,49,18,2,18,65,32874,20743,49,31,23,13,2,15,37
"G3702560","1970","3","5","North Carolina","37",,,,,,,"Fayetteville, NC","2560","Fayetteville, NC",,,,69842,20874,1326,122,59,105,76,31,715,48831,17343,1159,302,38,75,39,134,299
"G3703119","1970","3","5","North Carolina","37",,,,,,,"Greensboro, NC","3119","Greensboro, NC",,,,50870,19145,277,11,30,7,5,10,59,59556,21893,256,26,30,7,3,11,56
"G3703300","1970","3","5","North Carolina","37",,,,,,,"High Point, NC","3300","High Point, NC",,,,35773,8345,142,9,10,4,3,2,20,39518,9512,157,18,4,1,2,6,21
"G3706640","1970","3","5","North Carolina","37",,,,,,,"Raleigh, NC","6640","Raleigh, NC",,,,60200,14232,110,63,159,19,4,31,143,61388,15596,63,66,97,21,3,26,68
"G3709200","1970","3","5","North Carolina","37",,,,,,,"Wilmington, NC","9200","Wilmington, NC",,,,19572,7450,45,0,17,19,7,2,26,21523,8839,56,4,15,10,17,8,35
"G3709230","1970","3","5","North Carolina","37",,,,,,,"Winston-Salem, NC","9230","Winston-Salem, NC",,,,45607,20645,75,14,16,10,5,23,21,51068,24925,79,30,12,12,1,17,24
"G3802520","1970","2","4","North Dakota","38",,,,,,,"Fargo-Moorhead, ND-MN","2520","Fargo-Moorhead, ND-MN (ND pt)",,,,25826,20,86,10,29,12,0,8,67,27168,12,91,14,19,16,1,11,30
"G3900080","1970","2","3","Ohio","39",,,,,,,"Akron, OH","0080","Akron, OH",,,,236262,24654,124,73,194,86,9,76,220,252986,27253,143,153,174,85,9,71,203
"G3901320","1970","2","3","Ohio","39",,,,,,,"Canton, OH","1320","Canton, OH",,,,108650,8361,38,33,26,28,4,15,125,117543,9152,53,58,16,30,3,27,117
"G3901639","1970","2","3","Ohio","39",,,,,,,"Cincinnati, OH-KY","1639","Cincinnati, OH-KY (OH pt)",,,,364540,67341,244,223,348,170,13,106,368,400478,78103,306,348,310,184,20,114,320
"G3901680","1970","2","3","Ohio","39",,,,,,,"Cleveland, OH","1680","Cleveland, OH",,,,778665,155821,812,775,874,676,46,231,1354,839182,176452,901,977,733,777,47,300,1257
"G3901840","1970","2","3","Ohio","39",,,,,,,"Columbus, OH","1840","Columbus, OH",,,,329324,49361,294,221,507,87,26,95,475,353875,53921,320,370,465,115,15,115,433
"G3902000","1970","2","3","Ohio","39",,,,,,,"Dayton, OH","2000","Dayton, OH",,,,290288,42090,204,175,165,92,21,63,323,305415,45795,223,392,158,124,19,103,292
"G3903199","1970","2","3","Ohio","39",,,,,,,"Hamilton, OH","3199","Hamilton, OH",,,,41233,2412,26,11,2,21,0,1,32,44395,2662,25,15,6,31,2,6,32
"G3903400","1970","2","3","Ohio","39",,,,,,,"Huntington-Ashland, WV-KY-OH","3400","Huntington-Ashland, WV-KY-OH (OH pt)",,,,13126,674,12,3,2,1,1,0,5,14713,682,10,6,3,4,1,1,6
"G3904320","1970","2","3","Ohio","39",,,,,,,"Lima, OH","4320","Lima, OH",,,,29444,4559,22,3,7,2,2,5,27,31625,4479,40,17,16,7,6,1,33
"G3904440","1970","2","3","Ohio","39",,,,,,,"Lorain-Elyria, OH","4440","Lorain-Elyria, OH",,,,86789,6624,109,17,10,39,2,26,278,90761,7121,114,42,14,42,4,36,237
"G3904800","1970","2","3","Ohio","39",,,,,,,"Mansfield, OH","4800","Mansfield, OH",,,,33592,4629,20,6,16,0,1,0,22,35406,3832,15,16,14,3,4,7,16
"G3907960","1970","2","3","Ohio","39",,,,,,,"Springfield, OH","7960","Springfield, OH",,,,38100,5987,16,11,28,1,1,0,19,42573,6808,26,27,20,5,1,4,26
"G3908080","1970","2","3","Ohio","39",,,,,,,"Steubenville-Weirton, OH-WV","8080","Steubenville-Weirton, OH-WV (OH pt)",,,,20896,2134,17,5,4,20,0,1,7,22739,2374,19,8,6,18,0,4,10
"G3908400","1970","2","3","Ohio","39",,,,,,,"Toledo, OH-MI","8400","Toledo, OH-MI (OH pt)",,,,202666,25225,164,86,206,110,5,54,441,217868,28056,191,129,152,99,10,59,407
"G3909000","1970","2","3","Ohio","39",,,,,,,"Wheeling, WV-OH","9000","Wheeling, WV-OH (OH pt)",,,,14530,517,9,2,2,3,0,1,9,16563,573,9,10,0,3,0,1,7
"G3909320","1970","2","3","Ohio","39",,,,,,,"Youngstown-Warren, OH","9320","Youngstown-Warren, OH",,,,166994,22849,124,36,77,69,13,50,302,178952,25343,147,101,67,86,22,66,242
"G4002720","1970","3","7","Oklahoma","40",,,,,,,"Fort Smith, AR-OK","2720","Fort Smith, AR-OK (OK pt)",,,,1000,0,13,0,0,0,0,0,2,1061,0,22,0,0,0,0,0,0
"G4004200","1970","3","7","Oklahoma","40",,,,,,,"Lawton, OK","4200","Lawton, OK",,,,46233,6067,1005,74,44,70,23,17,290,35053,4976,1058,229,30,51,31,120,316
"G4005880","1970","3","7","Oklahoma","40",,,,,,,"Oklahoma City, OK","5880","Oklahoma City, OK",,,,248477,24016,5315,162,210,89,22,38,565,266387,27797,5556,290,181,98,31,62,492
"G4008560","1970","3","7","Oklahoma","40",,,,,,,"Tulsa, OK","8560","Tulsa, OK",,,,155980,16530,4602,59,70,42,16,21,222,169049,19238,5223,116,70,29,19,40,173
"G4102400","1970","4","9","Oregon","41",,,,,,,"Eugene, OR","2400","Eugene, OR",,,,67141,441,212,146,273,42,23,57,208,69605,250,238,179,169,38,17,68,148
"G4106440","1970","4","9","Oregon","41",,,,,,,"Portland, OR-WA","6440","Portland, OR-WA (OR pt)",,,,341426,10998,1493,1518,1565,486,111,111,804,375521,11289,1612,1841,1463,405,138,222,753
"G4107080","1970","4","9","Oregon","41",,,,,,,"Salem, OR","7080","Salem, OR",,,,43584,252,275,58,70,41,24,9,112,47877,157,265,80,66,43,9,21,98
"G4200240","1970","1","2","Pennsylvania","42",,,,,,,"Allentown-Bethlehem-Easton, PA-NJ","0240","Allentown-Bethlehem-Easton, PA-NJ (PA pt)",,,,159940,2746,50,59,132,50,14,29,146,171936,2724,53,112,83,42,11,38,151
"G4200280","1970","1","2","Pennsylvania","42",,,,,,,"Altoona, PA","0280","Altoona, PA",,,,37283,394,4,18,6,1,1,9,19,43527,451,9,31,3,3,1,17,18
"G4202360","1970","1","2","Pennsylvania","42",,,,,,,"Erie, PA","2360","Erie, PA",,,,79552,4142,28,16,13,23,1,24,66,86629,4583,42,34,16,15,2,25,52
"G4203240","1970","1","2","Pennsylvania","42",,,,,,,"Harrisburg, PA","3240","Harrisburg, PA",,,,100658,12045,60,24,73,52,11,20,215,113245,13871,69,81,79,39,8,28,173
"G4203680","1970","1","2","Pennsylvania","42",,,,,,,"Johnstown, PA","3680","Johnstown, PA",,,,43575,1496,15,7,1,7,2,1,25,49352,1594,13,21,1,11,0,5,20
"G4204000","1970","1","2","Pennsylvania","42",,,,,,,"Lancaster, PA","4000","Lancaster, PA",,,,53474,2107,30,26,20,6,0,5,92,58862,2292,28,36,19,11,3,9,77
"G4206160","1970","1","2","Pennsylvania","42",,,,,,,"Philadelphia, PA-NJ","6160","Philadelphia, PA-NJ (PA pt)",,,,1212605,335310,1202,870,2104,1440,125,476,4002,1320259,387881,1456,1193,1814,1702,127,628,3827
"G4206280","1970","1","2","Pennsylvania","42",,,,,,,"Pittsburgh, PA","6280","Pittsburgh, PA",,,,800263,73325,298,349,830,238,35,177,893,883457,83356,402,505,697,261,32,205,719
"G4206680","1970","1","2","Pennsylvania","42",,,,,,,"Reading, PA","6680","Reading, PA",,,,75987,2781,23,18,23,15,2,12,82,85681,3067,23,61,23,24,2,26,82
"G4207560","1970","1","2","Pennsylvania","42",,,,,,,"Scranton-Wilkes-Barre, PA","7560","Scranton-Wilkes-Barre, PA",,,,94545,412,26,29,10,8,3,6,93,108400,480,28,64,15,8,8,15,55
"G4208481","1970","1","2","Pennsylvania","42",,,,,,,"Trenton, NJ-PA","8481","Trenton, NJ-PA (PA pt)",,,,14972,396,11,16,10,3,1,4,16,15580,416,5,16,5,1,1,8,14
"G4209119","1970","1","2","Pennsylvania","42",,,,,,,"Wilkes-Barre--Hazleton, PA","9119","Wilkes-Barre--Hazleton, PA",,,,102835,483,27,44,9,14,4,10,42,118670,535,28,61,9,7,2,14,36
"G4209280","1970","1","2","Pennsylvania","42",,,,,,,"York, PA","9280","York, PA",,,,55289,3168,23,22,21,9,4,6,123,60713,3523,30,40,17,10,1,21,86
"G4402480","1970","1","1","Rhode Island","44",,,,,,,"Fall River, MA-RI","2480","Fall River, MA-RI (RI pt)",,,,7645,29,4,0,0,16,0,1,7,8124,40,5,10,0,10,0,1,9
"G4406480","1970","1","1","Rhode Island","44",,,,,,,"Providence-Pawtucket-Warwick, RI-MA","6480","Providence-Pawtucket-Warwick, RI-MA (RI pt)",,,,338820,9929,358,196,419,446,28,83,546,366073,10393,415,289,379,242,26,72,623
"G4500600","1970","3","5","South Carolina","45",,,,,,,"Augusta, GA-SC","0600","Augusta, GA-SC (SC pt)",,,,9950,778,4,0,3,0,2,3,5,10535,880,8,2,1,0,2,6,4
"G4501440","1970","3","5","South Carolina","45",,,,,,,"Charleston, SC","1440","Charleston, SC",,,,89620,26846,117,29,20,555,11,2,112,80594,29831,91,120,28,286,7,23,107
"G4501760","1970","3","5","South Carolina","45",,,,,,,"Columbia, SC","1760","Columbia, SC",,,,95862,29840,133,45,118,46,35,39,312,85433,29382,82,103,70,47,40,87,107
"G4503160","1970","3","5","South Carolina","45",,,,,,,"Greenville, SC","3160","Greenville, SC",,,,60556,13386,40,49,15,5,5,7,41,67482,15326,41,38,17,12,9,9,35
"G4607721","1970","2","4","South Dakota","46",,,,,,,"Sioux City, IA-NE-SD","7721","Sioux City, IA-NE-SD (SD pt)",,,,419,1,3,0,0,1,0,0,0,433,1,2,0,0,0,0,0,0
"G4607760","1970","2","4","South Dakota","46",,,,,,,"Sioux Falls, SD","7760","Sioux Falls, SD",,,,34948,86,298,7,21,2,3,3,18,39393,81,226,18,19,2,2,4,15
"G4701560","1970","3","6","Tennessee","47",,,,,,,"Chattanooga, TN-GA","1560","Chattanooga, TN-GA (TN pt)",,,,70405,20036,42,11,23,20,0,10,64,79161,24657,53,27,28,15,2,14,65
"G4703840","1970","3","6","Tennessee","47",,,,,,,"Knoxville, TN","3840","Knoxville, TN",,,,79397,9993,52,38,110,12,8,21,119,88285,12173,58,45,79,13,3,32,64
"G4704921","1970","3","6","Tennessee","47",,,,,,,"Memphis, TN-MS","4921","Memphis, TN-MS (TN pt)",,,,193855,114239,166,78,406,101,14,23,145,213440,131646,199,133,350,64,13,33,140
"G4705360","1970","3","6","Tennessee","47",,,,,,,"Nashville-Davidson, TN","5360","Nashville-Davidson, TN",,,,171800,41134,121,76,113,107,17,53,171,187678,46462,159,118,101,114,22,54,144
"G4800040","1970","3","7","Texas","48",,,,,,,"Abilene, TX","0040","Abilene, TX",,,,41228,2572,44,26,23,12,7,5,102,43637,2653,43,54,20,15,4,8,118
"G4800320","1970","3","7","Texas","48",,,,,,,"Amarillo, TX","0320","Amarillo, TX",,,,57575,3089,159,12,25,8,3,1,249,61798,3604,158,27,21,23,2,6,250
"G4800640","1970","3","7","Texas","48",,,,,,,"Austin, TX","0640","Austin, TX",,,,115350,14404,99,117,203,21,17,27,810,116220,16051,88,153,126,35,11,24,743
"G4800839","1970","3","7","Texas","48",,,,,,,"Beaumont, TX","0839","Beaumont, TX",,,,38947,16824,30,20,12,11,1,2,42,41602,18729,33,33,13,12,1,5,33
"G4801239","1970","3","7","Texas","48",,,,,,,"Brownsville, TX","1239","Brownsville, TX",,,,24275,60,12,1,1,12,1,0,106,27952,53,7,10,4,3,0,0,130
"G4801260","1970","3","7","Texas","48",,,,,,,"Bryan-College Station, TX","1260","Bryan-College Station, TX",,,,24370,3593,43,48,117,13,0,18,180,18638,4168,38,35,48,7,1,10,68
"G4801880","1970","3","7","Texas","48",,,,,,,"Corpus Christi, TX","1880","Corpus Christi, TX",,,,98033,5083,106,23,22,177,6,8,819,101916,5451,102,91,22,102,7,23,829
"G4801920","1970","3","7","Texas","48",,,,,,,"Dallas, TX","1920","Dallas, TX",,,,536229,104793,2332,300,393,210,48,146,1871,570748,116266,2323,510,329,199,58,187,1742
"G4802320","1970","3","7","Texas","48",,,,,,,"El Paso, TX","2320","El Paso, TX",,,,158290,4966,291,153,191,196,44,65,729,166153,4328,255,404,138,159,36,169,904
"G4802800","1970","3","7","Texas","48",,,,,,,"Fort Worth, TX","2800","Fort Worth, TX",,,,291072,37890,734,102,146,48,24,13,861,302665,41396,735,253,95,71,17,63,759
"G4802919","1970","3","7","Texas","48",,,,,,,"Galveston, TX","2919","Galveston, TX",,,,20863,8374,37,11,17,76,1,4,141,22202,9769,35,16,18,104,10,5,126
"G4803230","1970","3","7","Texas","48",,,,,,,"Harlingen-San Benito, TX","3230","Harlingen-San Benito, TX",,,,23443,195,22,25,0,0,0,0,106,26276,248,16,17,1,2,0,2,116
"G4803360","1970","3","7","Texas","48",,,,,,,"Houston, TX","3360","Houston, TX",,,,648498,163577,1421,523,1854,236,55,178,2602,672703,179198,1488,744,1702,305,78,209,2492
"G4804080","1970","3","7","Texas","48",,,,,,,"Laredo, TX","4080","Laredo, TX",,,,33149,223,11,7,4,3,2,2,80,36459,124,18,18,7,6,1,2,81
"G4804600","1970","3","7","Texas","48",,,,,,,"Lubbock, TX","4600","Lubbock, TX",,,,67553,5290,73,18,46,2,4,24,344,70462,5839,81,40,35,5,8,14,297
"G4804880","1970","3","7","Texas","48",,,,,,,"McAllen-Pharr-Edinburg, TX","4880","McAllen-Pharr-Edinburg, TX",,,,42769,93,15,14,5,1,1,4,208,47626,111,17,19,3,1,0,5,249
"G4805040","1970","3","7","Texas","48",,,,,,,"Midland, TX","5040","Midland, TX",,,,26136,3016,28,10,24,3,3,2,80,27503,3400,42,10,20,6,1,1,86
"G4805800","1970","3","7","Texas","48",,,,,,,"Odessa, TX","5800","Odessa, TX",,,,37650,2180,80,6,3,3,3,0,178,38871,2383,83,13,5,4,5,8,170
"G4806380","1970","3","7","Texas","48",,,,,,,"Port Arthur, TX","6380","Port Arthur, TX",,,,45508,11037,50,11,11,15,4,3,90,47504,12079,50,19,4,4,1,12,72
"G4807200","1970","3","7","Texas","48",,,,,,,"San Angelo, TX","7200","San Angelo, TX",,,,29423,1474,42,36,4,6,2,3,104,30999,1583,37,33,7,2,1,6,122
"G4807240","1970","3","7","Texas","48",,,,,,,"San Antonio, TX","7240","San Antonio, TX",,,,347116,26515,435,250,509,203,64,29,3217,361653,28486,455,524,522,191,50,147,2147
"G4807640","1970","3","7","Texas","48",,,,,,,"Sherman-Denison, TX","7640","Sherman-Denison, TX",,,,23468,2612,56,4,5,1,0,2,31,25929,3096,72,15,3,4,0,5,40
"G4808360","1970","3","7","Texas","48",,,,,,,"Texarkana, TX-AR","8360","Texarkana, TX-AR (TX pt)",,,,13075,4056,18,2,0,0,0,1,11,14896,4794,14,5,0,2,0,5,9
"G4808380","1970","3","7","Texas","48",,,,,,,"Texas City-La Marque, TX","8380","Texas City-La Marque, TX",,,,34088,7175,54,17,13,12,6,1,71,34677,7783,58,23,7,4,5,0,60
"G4808640","1970","3","7","Texas","48",,,,,,,"Tyler, TX","8640","Tyler, TX",,,,21565,6508,38,3,5,0,1,4,62,24229,7266,30,8,8,0,1,4,49
"G4808800","1970","3","7","Texas","48",,,,,,,"Waco, TX","8800","Waco, TX",,,,47429,9296,40,13,32,2,2,10,187,50876,10624,39,28,33,8,7,9,208
"G4809080","1970","3","7","Texas","48",,,,,,,"Wichita Falls, TX","9080","Wichita Falls, TX",,,,44062,4566,99,29,14,31,10,3,269,43412,4666,97,84,7,26,4,11,174
"G4905840","1970","4","8","Utah","49",,,,,,,"Ogden, UT","5840","Ogden, UT",,,,70837,2222,341,488,66,74,20,5,205,73087,1239,303,491,60,56,7,15,211
"G4906520","1970","4","8","Utah","49",,,,,,,"Provo-Orem, UT","6520","Provo-Orem, UT",,,,50184,17,234,61,118,13,28,15,147,52660,15,291,84,88,4,17,20,114
"G4907160","1970","4","8","Utah","49",,,,,,,"Salt Lake City, UT","7160","Salt Lake City, UT",,,,229290,1241,728,1207,396,96,56,54,556,241287,1190,853,1337,301,68,76,62,544
"G5104640","1970","3","5","Virginia","51",,,,,,,"Lynchburg, VA","4640","Lynchburg, VA",,,,26492,6189,24,0,5,5,1,1,22,30690,7337,19,5,6,7,1,13,25
"G5105680","1970","3","5","Virginia","51",,,,,,,"Newport News-Hampton, VA","5680","Newport News-Hampton, VA",,,,101363,34429,197,90,89,139,42,48,336,94385,36156,131,290,82,156,26,125,179
"G5105720","1970","3","5","Virginia","51",,,,,,,"Norfolk-Portsmouth, VA","5720","Norfolk-Portsmouth, VA",,,,262913,79535,469,112,264,3587,60,23,444,232370,85282,366,397,191,1784,43,60,359
"G5106140","1970","3","5","Virginia","51",,,,,,,"Petersburg-Colonial Heights, VA","6140","Petersburg-Colonial Heights, VA",,,,36267,15894,65,31,19,55,19,24,177,32412,15387,26,58,17,33,6,54,73
"G5106760","1970","3","5","Virginia","51",,,,,,,"Richmond, VA","6760","Richmond, VA",,,,142013,52145,264,49,200,49,5,26,128,160268,60650,262,93,183,45,9,52,122
"G5106800","1970","3","5","Virginia","51",,,,,,,"Roanoke, VA","6800","Roanoke, VA",,,,64564,9157,23,10,10,22,8,9,41,72264,10371,31,28,5,21,8,10,39
"G5108840","1970","3","5","Virginia","51",,,,,,,"Washington, DC-MD-VA","8840","Washington, DC-MD-VA (VA pt)",,,,327194,18274,416,551,596,457,81,360,793,343901,19199,448,996,601,473,81,596,824
"G5306440","1970","4","9","Washington","53",,,,,,,"Portland, OR-WA","6440","Portland, OR-WA (WA pt)",,,,34720,262,137,37,22,16,16,19,44,37371,229,105,63,30,21,13,22,43
"G5307600","1970","4","9","Washington","53",,,,,,,"Seattle-Everett, WA","7600","Seattle-Everett, WA",,,,564012,20445,3687,6226,3793,4105,304,283,1740,592595,20527,4066,7269,3567,3052,272,440,1724
"G5307840","1970","4","9","Washington","53",,,,,,,"Spokane, WA","7840","Spokane, WA",,,,107027,1150,773,512,97,74,20,13,173,116783,1104,917,609,82,40,33,29,184
"G5308200","1970","4","9","Washington","53",,,,,,,"Tacoma, WA","8200","Tacoma, WA",,,,160004,10326,1580,631,171,826,191,96,806,145662,7666,1256,1456,166,709,122,375,478
"G5401480","1970","3","5","West Virginia","54",,,,,,,"Charleston, WV","1480","Charleston, WV",,,,68295,5116,36,12,40,60,6,23,89,77589,6132,48,39,43,38,0,25,71
"G5403400","1970","3","5","West Virginia","54",,,,,,,"Huntington-Ashland, WV-KY-OH","3400","Huntington-Ashland, WV-KY-OH (WV pt)",,,,37033,2007,19,5,9,22,1,3,26,43344,2436,32,18,5,15,1,16,25
"G5408080","1970","3","5","West Virginia","54",,,,,,,"Steubenville-Weirton, OH-WV","8080","Steubenville-Weirton, OH-WV (WV pt)",,,,17217,655,4,3,2,21,0,3,16,18549,710,4,7,5,15,2,8,9
"G5409000","1970","3","5","West Virginia","54",,,,,,,"Wheeling, WV-OH","9000","Wheeling, WV-OH (WV pt)",,,,26958,901,14,8,19,6,0,4,19,31632,1067,17,12,10,11,1,4,22
"G5500459","1970","2","3","Wisconsin","55",,,,,,,"Appleton, WI","0459","Appleton, WI",,,,62386,30,184,19,23,15,2,12,14,66545,28,165,35,26,12,3,14,19
"G5502240","1970","2","3","Wisconsin","55",,,,,,,"Duluth-Superior, MN-WI","2240","Duluth-Superior, MN-WI (WI pt)",,,,15868,57,95,3,24,0,0,3,18,16457,24,111,11,32,1,0,0,9
"G5503080","1970","2","3","Wisconsin","55",,,,,,,"Green Bay, WI","3080","Green Bay, WI",,,,61976,296,485,31,10,3,0,1,23,65665,45,477,48,15,4,8,7,11
"G5503800","1970","2","3","Wisconsin","55",,,,,,,"Kenosha, WI","3800","Kenosha, WI",,,,39789,958,59,17,10,11,4,2,21,42274,965,53,46,6,19,2,7,19
"G5503871","1970","2","3","Wisconsin","55",,,,,,,"La Crosse, WI-MN","3871","La Crosse, WI-MN (WI pt)",,,,28087,36,43,10,21,2,3,3,25,31859,29,38,12,28,0,2,8,25
"G5504720","1970","2","3","Wisconsin","55",,,,,,,"Madison, WI","4720","Madison, WI",,,,96742,1480,100,223,524,87,26,73,286,103469,1401,114,253,344,73,18,76,168
"G5505080","1970","2","3","Wisconsin","55",,,,,,,"Milwaukee, WI","5080","Milwaukee, WI",,,,548660,50733,1877,399,595,310,36,98,942,588762,55623,2022,590,487,278,39,175,831
"G5505970","1970","2","3","Wisconsin","55",,,,,,,"Oshkosh, WI","5970","Oshkosh, WI",,,,26410,57,35,10,16,7,0,16,27,28735,48,54,20,18,5,1,13,8
"G5506600","1970","2","3","Wisconsin","55",,,,,,,"Racine, WI","6600","Racine, WI",,,,51364,5080,101,27,14,13,1,1,107,55087,5301,134,42,15,10,1,8,102
