GISJOIN,YEAR,FSTATUS,REGIONA,DIVISIONA,STATE,STATEA,SMSAA,COUNTYA,CTY_SUBA,PLACEA,TRACTA,BLCK_GRPA,BLOCKA,EDINDA,ENUMDISTA,SCSAA,URB_AREA,URB_AREAA,CDA,AIANHHA,MCDSEQNO,SEA,UATYPE,PLACDESC,CBD,INDSUBR,LONGITUD,LATITUDE,LANDAREA,AREANAME,SUPFLG01,SUPFLG02,SUPFLG03,SUPFLG04,SUPFLG05,SUPFLG06,SUPFLG07,SUPFLG08,SUPFLG09,SUPFLG10,SUPFLG11,SUPFLG12,SUPFLG13,SUPFLG14,SUPFLG15,SUPFLG16,SUPFLG17,SUPFLG18,SUPFLG19,SUPFLG20,SUPFLG21,C7L001
"G0040480","1980","S","3","7","Texas","48",,,,,,,,,,,"Abilene, TX","0040",,,,,"1",,,,,,,"TEXAS","0","0","0","0","0","0","0","0","0","0","0","0","0","0","0","0","0","0","0","0","0",99763
"G0080390","1980","S","2","3","Ohio","39",,,,,,,,,,,"Akron, OH","0080",,,,,"1",,,,,,,"OHIO","0","0","0","0","0","0","0","0","0","0","0","0","0","0","0","0","0","0","0","0","0",515720
"G0120130","1980","S","3","5","Georgia","13",,,,,,,,,,,"Albany, GA","0120",,,,,"1",,,,,,,"GEORGIA","0","0","0","0","0","0","0","0","0","0","0","0","0","0","0","0","0","0","0","0","0",88716
"G0160360","1980","S","1","2","New York","36",,,,,,,,,,,"Albany--Schenectady--Troy, NY","0160",,,,,"1",,,,,,,"NEW YORK","0","0","0","0","0","0","0","0","0","0","0","0","0","0","0","0","0","0","0","0","0",490015
"G0200350","1980","S","4","8","New Mexico","35",,,,,,,,,,,"Albuquerque, NM","0200",,,,,"1",,,,,,,"NEW MEXICO","0","0","0","0","0","0","0","0","0","0","0","0","0","0","0","0","0","0","0","0","0",418206
"G0220220","1980","S","3","7","Louisiana","22",,,,,,,,,,,"Alexandria, LA","0220",,,,,"1",,,,,,,"LOUISIANA","0","0","0","0","0","0","0","0","0","0","0","0","0","0","0","0","0","0","0","0","0",92742
"G0240340","1980","S","1","2","New Jersey","34",,,,,,,,,,,"Allentown--Bethlehem--Easton, PA--NJ","0240",,,,,"1",,,,,,,"NEW JERSEY","0","0","0","0","0","0","0","1","0","0","0","0","0","0","0","0","0","0","0","0","1",25885
"G0240420","1980","S","1","2","Pennsylvania","42",,,,,,,,,,,"Allentown--Bethlehem--Easton, PA--NJ","0240",,,,,"1",,,,,,,"PENNSYLVANIA","0","0","0","0","0","0","0","0","0","0","0","0","0","0","0","0","0","0","0","0","0",355849
"G0272170","1980","S","2","3","Illinois","17",,,,,,,,,,,"Alton, IL","0272",,,,,"0",,,,,,,"ILLINOIS","0","0","0","0","0","0","0","0","0","0","0","0","0","0","0","0","0","0","0","0","0",88994
"G0280420","1980","S","1","2","Pennsylvania","42",,,,,,,,,,,"Altoona, PA","0280",,,,,"1",,,,,,,"PENNSYLVANIA","0","0","0","0","0","0","0","1","0","0","0","0","0","0","0","0","0","0","0","0","1",78802
"G0320480","1980","S","3","7","Texas","48",,,,,,,,,,,"Amarillo, TX","0320",,,,,"1",,,,,,,"TEXAS","0","0","0","0","0","0","0","0","0","0","0","0","0","0","0","0","0","0","0","0","0",149230
"G0380020","1980","S","4","9","Alaska","02",,,,,,,,,,,"Anchorage, AK","0380",,,,,"1",,,,,,,"ALASKA","0","0","0","0","0","0","0","0","0","0","0","0","0","0","0","0","0","0","0","0","0",170247
"G0400180","1980","S","2","3","Indiana","18",,,,,,,,,,,"Anderson, IN","0400",,,,,"1",,,,,,,"INDIANA","0","0","0","0","0","0","0","0","0","0","0","0","0","0","0","0","0","0","0","0","0",78581
"G0405450","1980","S","3","5","South Carolina","45",,,,,,,,,,,"Anderson, SC","0405",,,,,"0",,,,,,,"SOUTH CAROLINA","0","0","0","0","0","0","0","0","0","0","0","0","0","0","0","0","0","0","0","0","0",51014
"G0422240","1980","S","3","5","Maryland","24",,,,,,,,,,,"Annapolis, MD","0422",,,,,"0",,,,,,,"MARYLAND","0","0","0","0","0","0","0","0","0","0","0","0","0","0","0","0","0","0","0","0","0",64447
"G0440260","1980","S","2","3","Michigan","26",,,,,,,,,,,"Ann Arbor, MI","0440",,,,,"1",,,,,,,"MICHIGAN","0","0","0","0","0","0","0","0","0","0","0","0","0","0","0","0","0","0","0","0","0",208782
"G0450010","1980","S","3","6","Alabama","01",,,,,,,,,,,"Anniston, AL","0450",,,,,"0",,,,,,,"ALABAMA","0","0","0","0","0","0","0","0","0","0","0","0","0","0","0","0","0","0","0","0","0",75614
"G0457060","1980","S","4","9","California","06",,,,,,,,,,,"Antioch--Pittsburg, CA","0457",,,,,"0",,,,,,,"CALIFORNIA","0","0","0","0","0","0","0","0","0","0","0","0","0","0","0","0","0","0","0","0","0",86435
"G0459550","1980","S","2","3","Wisconsin","55",,,,,,,,,,,"Appleton, WI","0459",,,,,"1",,,,,,,"WISCONSIN","0","0","0","0","0","0","0","0","0","0","0","0","0","0","0","0","0","0","0","0","0",142151
"G0480370","1980","S","3","5","North Carolina","37",,,,,,,,,,,"Asheville, NC","0480",,,,,"1",,,,,,,"NORTH CAROLINA","0","0","0","0","0","0","0","0","0","0","0","0","0","0","0","0","0","0","0","0","0",102400
"G0500130","1980","S","3","5","Georgia","13",,,,,,,,,,,"Athens, GA","0500",,,,,"0",,,,,,,"GEORGIA","0","0","0","0","0","0","0","0","0","0","0","0","0","0","0","0","0","0","0","0","0",62896
"G0520130","1980","S","3","5","Georgia","13",,,,,,,,,,,"Atlanta, GA","0520",,,,,"1",,,,,,,"GEORGIA","0","0","0","0","0","0","0","0","0","0","0","0","0","0","0","0","0","0","0","0","0",1613357
"G0560340","1980","S","1","2","New Jersey","34",,,,,,,,,,,"Atlantic City, NJ","0560",,,,,"0",,,,,,,"NEW JERSEY","0","0","0","0","0","0","0","0","0","0","0","0","0","0","0","0","0","0","0","0","0",146034
"G0580010","1980","S","3","6","Alabama","01",,,,,,,,,,,"Auburn--Opelika, AL","0580",,,,,"0",,,,,,,"ALABAMA","0","0","0","0","0","0","0","0","0","0","0","0","0","0","0","0","0","0","0","0","0",51823
"G0600130","1980","S","3","5","Georgia","13",,,,,,,,,,,"Augusta, GA--SC","0600",,,,,"0",,,,,,,"GEORGIA","0","0","0","0","0","0","0","0","0","0","0","0","0","0","0","0","0","0","0","0","0",189817
"G0600450","1980","S","3","5","South Carolina","45",,,,,,,,,,,"Augusta, GA--SC","0600",,,,,"0",,,,,,,"SOUTH CAROLINA","0","0","0","0","0","0","0","0","0","0","0","0","0","0","0","0","0","0","0","0","0",61433
"G0622170","1980","S","2","3","Illinois","17",,,,,,,,,,,"Aurora, IL","0622",,,,,"1",,,,,,,"ILLINOIS","0","0","0","0","0","0","0","0","0","0","0","0","0","0","0","0","0","0","0","0","0",158911
"G0640480","1980","S","3","7","Texas","48",,,,,,,,,,,"Austin, TX","0640",,,,,"1",,,,,,,"TEXAS","0","0","0","0","0","0","0","0","0","0","0","0","0","0","0","0","0","0","0","0","0",379560
"G0680060","1980","S","4","9","California","06",,,,,,,,,,,"Bakersfield, CA","0680",,,,,"1",,,,,,,"CALIFORNIA","0","0","0","0","0","0","0","0","0","0","0","0","0","0","0","0","0","0","0","0","0",222236
"G0720240","1980","S","3","5","Maryland","24",,,,,,,,,,,"Baltimore, MD","0720",,,,,"1",,,,,,,"MARYLAND","0","0","0","0","0","0","0","0","0","0","0","0","0","0","0","0","0","0","0","0","0",1755477
"G0730230","1980","S","1","1","Maine","23",,,,,,,,,,,"Bangor, ME","0730",,,,,"0",,,,,,,"MAINE","0","0","0","0","0","0","0","1","0","0","0","0","0","0","0","0","0","0","0","0","0",60003
"G0760220","1980","S","3","7","Louisiana","22",,,,,,,,,,,"Baton Rouge, LA","0760",,,,,"1",,,,,,,"LOUISIANA","0","0","0","0","0","0","0","0","0","0","0","0","0","0","0","0","0","0","0","0","0",350657
"G0780260","1980","S","2","3","Michigan","26",,,,,,,,,,,"Battle Creek, MI","0780",,,,,"0",,,,,,,"MICHIGAN","0","0","0","0","0","0","0","0","0","0","0","0","0","0","0","0","0","0","0","0","0",77789
"G0800260","1980","S","2","3","Michigan","26",,,,,,,,,,,"Bay City, MI","0800",,,,,"0",,,,,,,"MICHIGAN","0","0","0","0","0","0","0","1","0","0","0","0","0","0","0","0","0","0","0","0","0",77678
"G0839480","1980","S","3","7","Texas","48",,,,,,,,,,,"Beaumont, TX","0839",,,,,"1",,,,,,,"TEXAS","0","0","0","0","0","0","0","0","0","0","0","0","0","0","0","0","0","0","0","0","0",123729
"G0860530","1980","S","4","9","Washington","53",,,,,,,,,,,"Bellingham, WA","0860",,,,,"0",,,,,,,"WASHINGTON","0","0","0","0","0","0","0","1","0","0","0","0","0","0","0","0","0","0","0","0","1",51025
"G0867170","1980","S","2","3","Illinois","17",,,,,,,,,,,"Beloit, WI--IL","0867",,,,,"0",,,,,,,"ILLINOIS","0","0","0","1","0","0","0","0","0","0","0","0","1","0","1","0","0","0","0","0","0",7156
"G0867550","1980","S","2","3","Wisconsin","55",,,,,,,,,,,"Beloit, WI--IL","0867",,,,,"0",,,,,,,"WISCONSIN","0","0","0","0","0","0","0","0","0","0","0","0","0","0","0","0","0","0","0","0","0",43678
"G0870260","1980","S","2","3","Michigan","26",,,,,,,,,,,"Benton Harbor, MI","0870",,,,,"0",,,,,,,"MICHIGAN","0","0","0","0","0","0","0","0","0","0","0","0","0","0","0","0","0","0","0","0","0",60639
"G0880300","1980","S","4","8","Montana","30",,,,,,,,,,,"Billings, MT","0880",,,,,"1",,,,,,,"MONTANA","0","0","0","0","0","0","0","0","0","0","0","0","0","0","0","0","0","0","0","0","0",84328
"G0920280","1980","S","3","6","Mississippi","28",,,,,,,,,,,"Biloxi--Gulfport, MS","0920",,,,,"0",,,,,,,"MISSISSIPPI","0","0","0","0","0","0","0","0","0","0","0","0","0","0","0","0","0","0","0","0","0",179280
"G0959360","1980","S","1","2","New York","36",,,,,,,,,,,"Binghamton, NY","0959",,,,,"1",,,,,,,"NEW YORK","0","0","0","0","0","0","0","0","0","0","0","0","0","0","0","0","0","0","0","0","0",161312
"G1000010","1980","S","3","6","Alabama","01",,,,,,,,,,,"Birmingham, AL","1000",,,,,"1",,,,,,,"ALABAMA","0","0","0","0","0","0","0","0","0","0","0","0","0","0","0","0","0","0","0","0","0",606085
"G1011380","1980","S","2","4","North Dakota","38",,,,,,,,,,,"Bismarck--Mandan, ND","1011",,,,,"0",,,,,,,"NORTH DAKOTA","0","0","0","0","0","0","0","1","0","0","0","0","0","0","0","0","0","0","0","0","0",61105
"G1020180","1980","S","2","3","Indiana","18",,,,,,,,,,,"Bloomington, IN","1020",,,,,"1",,,,,,,"INDIANA","0","0","0","0","0","0","0","0","0","0","0","0","0","0","0","0","0","0","0","0","0",63513
"G1040170","1980","S","2","3","Illinois","17",,,,,,,,,,,"Bloomington--Normal, IL","1040",,,,,"0",,,,,,,"ILLINOIS","0","0","0","0","0","0","0","0","0","0","0","0","0","0","0","0","0","0","0","0","0",82397
"G1080160","1980","S","4","8","Idaho","16",,,,,,,,,,,"Boise City, ID","1080",,,,,"1",,,,,,,"IDAHO","0","0","0","0","0","0","0","1","0","0","0","0","0","0","0","0","0","0","0","0","1",134848
"G1120250","1980","S","1","1","Massachusetts","25",,,,,,,,,,,"Boston, MA","1120",,,,,"1",,,,,,,"MASSACHUSETTS","0","0","0","0","0","0","0","0","0","0","0","0","0","0","0","0","0","0","0","0","0",2678762
"G1125080","1980","S","4","8","Colorado","08",,,,,,,,,,,"Boulder, CO","1125",,,,,"1",,,,,,,"COLORADO","0","0","0","0","0","0","0","0","0","0","0","0","0","0","0","0","0","0","0","0","1",81239
"G1150530","1980","S","4","9","Washington","53",,,,,,,,,,,"Bremerton, WA","1150",,,,,"0",,,,,,,"WASHINGTON","0","0","0","0","0","0","0","0","0","0","0","0","0","0","0","0","0","0","0","0","0",64536
"G1160090","1980","S","1","1","Connecticut","09",,,,,,,,,,,"Bridgeport, CT","1160",,,,,"1",,,,,,,"CONNECTICUT","0","0","0","0","0","0","0","0","0","0","0","0","0","0","0","0","0","0","0","0","0",410998
"G1170090","1980","S","1","1","Connecticut","09",,,,,,,,,,,"Bristol, CT","1170",,,,,"1",,,,,,,"CONNECTICUT","0","0","0","0","0","0","0","0","0","0","0","0","0","0","0","0","0","0","0","0","0",83601
"G1182470","1980","S","3","6","Tennessee","47",,,,,,,,,,,"Bristol, TN--Bristol, VA","1182",,,,,"0",,,,,,,"TENNESSEE","0","0","0","0","0","0","0","0","0","0","0","0","0","0","0","0","0","0","0","1","0",33356
"G1182510","1980","S","3","5","Virginia","51",,,,,,,,,,,"Bristol, TN--Bristol, VA","1182",,,,,"0",,,,,,,"VIRGINIA","0","0","0","0","0","0","0","0","0","0","0","0","0","0","0","0","0","0","0","0","0",20181
"G1200250","1980","S","1","1","Massachusetts","25",,,,,,,,,,,"Brockton, MA","1200",,,,,"1",,,,,,,"MASSACHUSETTS","0","0","0","0","0","0","0","0","0","0","0","0","0","0","0","0","0","0","0","0","0",177784
"G1239480","1980","S","3","7","Texas","48",,,,,,,,,,,"Brownsville, TX","1239",,,,,"1",,,,,,,"TEXAS","0","0","0","0","0","0","0","0","0","0","0","0","0","0","0","0","0","0","0","0","0",91611
"G1260480","1980","S","3","7","Texas","48",,,,,,,,,,,"Bryan--College Station, TX","1260",,,,,"0",,,,,,,"TEXAS","0","0","0","0","0","0","0","0","0","0","0","0","0","0","0","0","0","0","0","0","0",83036
"G1280360","1980","S","1","2","New York","36",,,,,,,,,,,"Buffalo, NY","1280",,,,,"1",,,,,,,"NEW YORK","0","0","0","0","0","0","0","0","0","0","0","0","0","0","0","0","0","0","0","0","0",1002285
"G1300370","1980","S","3","5","North Carolina","37",,,,,,,,,,,"Burlington, NC","1300",,,,,"0",,,,,,,"NORTH CAROLINA","0","0","0","0","0","0","0","0","0","0","0","0","0","0","0","0","0","0","0","0","0",66580
"G1305500","1980","S","1","1","Vermont","50",,,,,,,,,,,"Burlington, VT","1305",,,,,"0",,,,,,,"VERMONT","0","0","0","0","0","0","0","1","0","0","0","0","0","0","0","0","0","0","0","0","1",76528
"G1320390","1980","S","2","3","Ohio","39",,,,,,,,,,,"Canton, OH","1320",,,,,"1",,,,,,,"OHIO","0","0","0","0","0","0","0","0","0","0","0","0","0","0","0","0","0","0","0","0","0",244888
"G1350560","1980","S","4","8","Wyoming","56",,,,,,,,,,,"Casper, WY","1350",,,,,"1",,,,,,,"WYOMING","0","0","0","0","0","0","0","1","0","0","0","0","0","0","0","0","0","0","0","0","1",59287
"G1360190","1980","S","2","4","Iowa","19",,,,,,,,,,,"Cedar Rapids, IA","1360",,,,,"1",,,,,,,"IOWA","0","0","0","0","0","0","0","0","0","0","0","0","0","0","0","0","0","0","0","0","0",135798
"G1399170","1980","S","2","3","Illinois","17",,,,,,,,,,,"Champaign--Urbana, IL","1399",,,,,"1",,,,,,,"ILLINOIS","0","0","0","0","0","0","0","0","0","0","0","0","0","0","0","0","0","0","0","0","0",109278
"G1439450","1980","S","3","5","South Carolina","45",,,,,,,,,,,"Charleston, SC","1439",,,,,"1",,,,,,,"SOUTH CAROLINA","0","0","0","0","0","0","0","0","0","0","0","0","0","0","0","0","0","0","0","0","0",328572
"G1480540","1980","S","3","5","West Virginia","54",,,,,,,,,,,"Charleston, WV","1480",,,,,"1",,,,,,,"WEST VIRGINIA","0","0","0","0","0","0","0","0","0","0","0","0","0","0","0","0","0","0","0","0","0",153618
"G1519370","1980","S","3","5","North Carolina","37",,,,,,,,,,,"Charlotte, NC","1519",,,,,"1",,,,,,,"NORTH CAROLINA","0","0","0","0","0","0","0","0","0","0","0","0","0","0","0","0","0","0","0","0","0",350715
"G1540510","1980","S","3","5","Virginia","51",,,,,,,,,,,"Charlottesville, VA","1540",,,,,"0",,,,,,,"VIRGINIA","0","0","0","0","0","0","0","0","0","0","0","0","0","0","0","0","0","0","0","0","0",59422
"G1560130","1980","S","3","5","Georgia","13",,,,,,,,,,,"Chattanooga, TN--GA","1560",,,,,"1",,,,,,,"GEORGIA","0","0","0","0","0","0","0","1","0","0","0","0","0","0","0","0","0","0","0","0","1",42466
"G1560470","1980","S","3","6","Tennessee","47",,,,,,,,,,,"Chattanooga, TN--GA","1560",,,,,"1",,,,,,,"TENNESSEE","0","0","0","0","0","0","0","0","0","0","0","0","0","0","0","0","0","0","0","0","0",259049
"G1580560","1980","S","4","8","Wyoming","56",,,,,,,,,,,"Cheyenne, WY","1580",,,,,"0",,,,,,,"WYOMING","0","0","0","0","0","0","0","0","0","0","0","0","0","0","0","0","0","0","0","0","0",58429
"G1601170","1980","S","2","3","Illinois","17",,,,,,,,,,,"Chicago, IL--Northwestern IN","1601",,,,,"1",,,,,,,"ILLINOIS","0","0","0","0","0","0","0","0","0","0","0","0","0","0","0","0","0","0","0","0","0",6248615
"G1601180","1980","S","2","3","Indiana","18",,,,,,,,,,,"Chicago, IL--Northwestern IN","1601",,,,,"1",,,,,,,"INDIANA","0","0","0","0","0","0","0","0","0","0","0","0","0","0","0","0","0","0","0","0","0",531184
"G1620060","1980","S","4","9","California","06",,,,,,,,,,,"Chico, CA","1620",,,,,"0",,,,,,,"CALIFORNIA","0","0","0","0","0","0","0","1","0","0","0","0","0","0","0","0","0","0","0","0","1",51914
"G1639210","1980","S","3","6","Kentucky","21",,,,,,,,,,,"Cincinnati, OH--KY","1639",,,,,"1",,,,,,,"KENTUCKY","0","0","0","0","0","0","0","0","0","0","0","0","0","0","0","0","0","0","0","0","0",210041
"G1639390","1980","S","2","3","Ohio","39",,,,,,,,,,,"Cincinnati, OH--KY","1639",,,,,"1",,,,,,,"OHIO","0","0","0","0","0","0","0","0","0","0","0","0","0","0","0","0","0","0","0","0","0",913371
"G1659210","1980","S","3","6","Kentucky","21",,,,,,,,,,,"Clarksville, TN--KY","1659",,,,,"1",,,,,,,"KENTUCKY","0","0","0","0","0","0","0","0","0","0","0","0","0","0","0","0","0","0","0","0","0",19299
"G1659470","1980","S","3","6","Tennessee","47",,,,,,,,,,,"Clarksville, TN--KY","1659",,,,,"1",,,,,,,"TENNESSEE","0","0","0","0","0","0","0","0","0","0","0","0","0","0","0","0","0","0","0","0","0",58236
"G1680390","1980","S","2","3","Ohio","39",,,,,,,,,,,"Cleveland, OH","1680",,,,,"1",,,,,,,"OHIO","0","0","0","0","0","0","0","0","0","0","0","0","0","0","0","0","0","0","0","0","0",1752424
"G1720080","1980","S","4","8","Colorado","08",,,,,,,,,,,"Colorado Springs, CO","1720",,,,,"1",,,,,,,"COLORADO","0","0","0","0","0","0","0","0","0","0","0","0","0","0","0","0","0","0","0","0","0",276872
"G1740290","1980","S","2","4","Missouri","29",,,,,,,,,,,"Columbia, MO","1740",,,,,"1",,,,,,,"MISSOURI","0","0","0","0","0","0","0","0","0","0","0","0","0","0","0","0","0","0","0","0","0",65380
"G1760450","1980","S","3","5","South Carolina","45",,,,,,,,,,,"Columbia, SC","1760",,,,,"1",,,,,,,"SOUTH CAROLINA","0","0","0","0","0","0","0","0","0","0","0","0","0","0","0","0","0","0","0","0","0",311561
"G1800010","1980","S","3","6","Alabama","01",,,,,,,,,,,"Columbus, GA--AL","1800",,,,,"1",,,,,,,"ALABAMA","0","0","0","0","0","0","0","0","0","0","0","0","0","0","0","0","0","0","0","0","1",32019
"G1800130","1980","S","3","5","Georgia","13",,,,,,,,,,,"Columbus, GA--AL","1800",,,,,"1",,,,,,,"GEORGIA","0","0","0","0","0","0","0","0","0","0","0","0","0","0","0","0","0","0","0","0","0",182572
"G1840390","1980","S","2","3","Ohio","39",,,,,,,,,,,"Columbus, OH","1840",,,,,"1",,,,,,,"OHIO","0","0","0","0","0","0","0","0","0","0","0","0","0","0","0","0","0","0","0","0","0",833648
"G1860370","1980","S","3","5","North Carolina","37",,,,,,,,,,,"Concord, NC","1860",,,,,"0",,,,,,,"NORTH CAROLINA","0","0","0","0","0","0","0","0","0","0","0","0","0","0","0","0","0","0","0","0","0",71994
"G1880480","1980","S","3","7","Texas","48",,,,,,,,,,,"Corpus Christi, TX","1880",,,,,"1",,,,,,,"TEXAS","0","0","0","0","0","0","0","0","0","0","0","0","0","0","0","0","0","0","0","0","0",245854
"G1900240","1980","S","3","5","Maryland","24",,,,,,,,,,,"Cumberland, MD--WV","1900",,,,,"0",,,,,,,"MARYLAND","0","0","0","0","0","0","0","1","0","0","0","0","0","0","0","0","0","0","0","1","0",56071
"G1900540","1980","S","3","5","West Virginia","54",,,,,,,,,,,"Cumberland, MD--WV","1900",,,,,"0",,,,,,,"WEST VIRGINIA","0","0","0","0","0","0","0","0","0","0","0","0","0","0","0","0","0","0","0","0","0",3260
"G1920480","1980","S","3","7","Texas","48",,,,,,,,,,,"Dallas--Fort Worth, TX","1920",,,,,"1",,,,,,,"TEXAS","0","0","0","0","0","0","0","0","0","0","0","0","0","0","0","0","0","0","0","0","0",2451390
"G1931090","1980","S","1","1","Connecticut","09",,,,,,,,,,,"Danbury, CT--NY","1931",,,,,"1",,,,,,,"CONNECTICUT","0","0","0","0","0","0","0","0","0","0","0","0","0","0","0","0","0","0","0","0","0",92066
"G1931360","1980","S","1","2","New York","36",,,,,,,,,,,"Danbury, CT--NY","1931",,,,,"1",,,,,,,"NEW YORK","0","0","0","0","0","0","0","0","0","0","0","0","0","0","0","0","0","0","0","0","0",3305
"G1940170","1980","S","2","3","Illinois","17",,,,,,,,,,,"Danville, IL","1940",,,,,"0",,,,,,,"ILLINOIS","0","0","0","0","0","0","0","0","0","0","0","0","0","0","0","0","0","0","0","0","0",52243
"G1950510","1980","S","3","5","Virginia","51",,,,,,,,,,,"Danville, VA","1950",,,,,"0",,,,,,,"VIRGINIA","0","0","0","0","0","0","0","0","0","0","0","0","0","0","0","0","0","0","0","0","0",54815
"G1960170","1980","S","2","3","Illinois","17",,,,,,,,,,,"Davenport--Rock Island--Moline, IA--IL","1960",,,,,"1",,,,,,,"ILLINOIS","0","0","0","0","0","0","0","0","0","0","0","0","0","0","0","0","0","0","0","0","0",148282
"G1960190","1980","S","2","4","Iowa","19",,,,,,,,,,,"Davenport--Rock Island--Moline, IA--IL","1960",,,,,"1",,,,,,,"IOWA","0","0","0","0","0","0","0","0","0","0","0","0","0","0","0","0","0","0","0","0","0",136742
"G2000390","1980","S","2","3","Ohio","39",,,,,,,,,,,"Dayton, OH","2000",,,,,"1",,,,,,,"OHIO","0","0","0","0","0","0","0","0","0","0","0","0","0","0","0","0","0","0","0","0","0",595059
"G2020120","1980","S","3","5","Florida","12",,,,,,,,,,,"Daytona Beach, FL","2020",,,,,"1",,,,,,,"FLORIDA","0","0","0","0","0","0","0","0","0","0","0","0","0","0","0","0","0","0","0","0","0",170749
"G2030010","1980","S","3","6","Alabama","01",,,,,,,,,,,"Decatur, AL","2030",,,,,"0",,,,,,,"ALABAMA","0","0","0","0","0","0","0","0","0","0","0","0","0","0","0","0","0","0","0","0","1",54710
"G2040170","1980","S","2","3","Illinois","17",,,,,,,,,,,"Decatur, IL","2040",,,,,"1",,,,,,,"ILLINOIS","0","0","0","0","0","0","0","0","0","0","0","0","0","0","0","0","0","0","0","0","0",107864
"G2079080","1980","S","4","8","Colorado","08",,,,,,,,,,,"Denver, CO","2079",,,,,"1",,,,,,,"COLORADO","0","0","0","0","0","0","0","0","0","0","0","0","0","0","0","0","0","0","0","0","0",1352070
"G2120190","1980","S","2","4","Iowa","19",,,,,,,,,,,"Des Moines, IA","2120",,,,,"1",,,,,,,"IOWA","0","0","0","0","0","0","0","0","0","0","0","0","0","0","0","0","0","0","0","0","0",267192
"G2160260","1980","S","2","3","Michigan","26",,,,,,,,,,,"Detroit, MI","2160",,,,,"1",,,,,,,"MICHIGAN","0","0","0","0","0","0","0","0","0","0","0","0","0","0","0","0","0","0","0","0","0",3809327
"G2180010","1980","S","3","6","Alabama","01",,,,,,,,,,,"Dothan, AL","2180",,,,,"0",,,,,,,"ALABAMA","0","0","0","0","0","0","0","0","0","0","0","0","0","0","0","0","0","0","0","0","0",51976
"G2201170","1980","S","2","3","Illinois","17",,,,,,,,,,,"Dubuque, IA--IL","2201",,,,,"1",,,,,,,"ILLINOIS","0","0","1","0","0","1","1","0","0","0","0","1","0","0","1","0","0","0","1","0","0",2202
"G2201190","1980","S","2","4","Iowa","19",,,,,,,,,,,"Dubuque, IA--IL","2201",,,,,"1",,,,,,,"IOWA","0","0","0","0","0","0","0","0","0","0","0","0","0","0","0","0","0","0","0","0","0",65947
"G2240270","1980","S","2","4","Minnesota","27",,,,,,,,,,,"Duluth--Superior, Mn--WI","2240",,,,,"1",,,,,,,"MINNESOTA","0","0","0","0","0","0","0","1","0","0","0","0","0","0","0","0","0","0","0","0","1",102434
"G2240550","1980","S","2","3","Wisconsin","55",,,,,,,,,,,"Duluth--Superior, Mn--WI","2240",,,,,"1",,,,,,,"WISCONSIN","0","0","0","0","0","0","0","0","0","0","0","0","0","0","0","0","0","0","0","0","0",30151
"G2280370","1980","S","3","5","North Carolina","37",,,,,,,,,,,"Durham, NC","2280",,,,,"1",,,,,,,"NORTH CAROLINA","0","0","0","0","0","0","0","0","0","0","0","0","0","0","0","0","0","0","0","0","0",157287
"G2290550","1980","S","2","3","Wisconsin","55",,,,,,,,,,,"Eau Claire, WI","2290",,,,,"1",,,,,,,"WISCONSIN","0","0","0","0","0","0","0","1","0","0","0","0","0","0","0","0","0","0","0","0","1",72317
"G2297170","1980","S","2","3","Illinois","17",,,,,,,,,,,"Elgin, IL","2297",,,,,"1",,,,,,,"ILLINOIS","0","0","0","0","0","0","0","0","0","0","0","0","0","0","0","0","0","0","0","0","0",106593
"G2300180","1980","S","2","3","Indiana","18",,,,,,,,,,,"Elkhart--Goshen, IN","2300",,,,,"0",,,,,,,"INDIANA","0","0","0","0","0","0","0","0","0","0","0","0","0","0","0","0","0","0","0","0","0",83920
"G2310360","1980","S","1","2","New York","36",,,,,,,,,,,"Elmira, NY","2310",,,,,"0",,,,,,,"NEW YORK","0","0","0","0","0","0","0","0","0","0","0","0","0","0","0","0","0","0","0","0","0",68227
"G2320480","1980","S","3","7","Texas","48",,,,,,,,,,,"El Paso, TX","2320",,,,,"1",,,,,,,"TEXAS","0","0","0","0","0","0","0","0","0","0","0","0","0","0","0","0","0","0","0","0","0",454159
"G2340400","1980","S","3","7","Oklahoma","40",,,,,,,,,,,"Enid, OK","2340",,,,,"1",,,,,,,"OKLAHOMA","0","0","0","0","0","0","0","0","0","0","0","0","0","0","0","0","0","0","0","0","0",50601
"G2360420","1980","S","1","2","Pennsylvania","42",,,,,,,,,,,"Erie, PA","2360",,,,,"1",,,,,,,"PENNSYLVANIA","0","0","0","0","0","0","0","0","0","0","0","0","0","0","0","0","0","0","0","0","0",178338
"G2399410","1980","S","4","9","Oregon","41",,,,,,,,,,,"Eugene, OR","2399",,,,,"1",,,,,,,"OREGON","0","0","0","0","0","0","0","0","0","0","0","0","0","0","0","0","0","0","0","0","0",182495
"G2440180","1980","S","2","3","Indiana","18",,,,,,,,,,,"Evansville, IN--KY","2440",,,,,"1",,,,,,,"INDIANA","0","0","0","0","0","0","0","0","0","0","0","0","0","0","0","0","0","0","0","0","0",155078
"G2440210","1980","S","3","6","Kentucky","21",,,,,,,,,,,"Evansville, IN--KY","2440",,,,,"1",,,,,,,"KENTUCKY","0","0","0","0","0","0","0","0","0","0","0","0","0","0","0","0","0","0","0","0","0",25011
"G2472060","1980","S","4","9","California","06",,,,,,,,,,,"Fairfield, CA","2472",,,,,"1",,,,,,,"CALIFORNIA","0","0","0","0","0","0","0","0","0","0","0","0","0","0","0","0","0","0","0","0","0",69255
"G2480250","1980","S","1","1","Massachusetts","25",,,,,,,,,,,"Fall River, MA--RI","2480",,,,,"1",,,,,,,"MASSACHUSETTS","0","0","0","0","0","0","0","0","0","0","0","0","0","0","0","0","0","0","0","0","1",126013
"G2480440","1980","S","1","1","Rhode Island","44",,,,,,,,,,,"Fall River, MA--RI","2480",,,,,"1",,,,,,,"RHODE ISLAND","0","0","0","0","0","0","0","0","0","0","0","0","0","0","0","0","0","0","0","0","0",15497
"G2520270","1980","S","2","4","Minnesota","27",,,,,,,,,,,"Fargo--Moorhead, ND--MN","2520",,,,,"1",,,,,,,"MINNESOTA","0","0","0","0","0","0","0","1","0","0","0","0","0","0","0","0","0","0","0","0","1",32669
"G2520380","1980","S","2","4","North Dakota","38",,,,,,,,,,,"Fargo--Moorhead, ND--MN","2520",,,,,"1",,,,,,,"NORTH DAKOTA","0","0","0","0","0","0","0","0","0","0","0","0","0","0","0","0","0","0","0","0","0",71974
"G2560370","1980","S","3","5","North Carolina","37",,,,,,,,,,,"Fayetteville, NC","2560",,,,,"1",,,,,,,"NORTH CAROLINA","0","0","0","0","0","0","0","0","0","0","0","0","0","0","0","0","0","0","0","0","0",215839
"G2580050","1980","S","3","7","Arkansas","05",,,,,,,,,,,"Fayetteville--Springdale, AR","2580",,,,,"0",,,,,,,"ARKANSAS","0","0","0","0","0","0","0","1","0","0","0","0","0","0","0","0","0","0","0","0","1",62703
"G2600250","1980","S","1","1","Massachusetts","25",,,,,,,,,,,"Fitchburg--Leominster, MA","2600",,,,,"0",,,,,,,"MASSACHUSETTS","0","0","0","0","0","0","0","0","0","0","0","0","0","0","0","0","0","0","0","0","0",76652
"G2640260","1980","S","2","3","Michigan","26",,,,,,,,,,,"Flint, MI","2640",,,,,"1",,,,,,,"MICHIGAN","0","0","0","0","0","0","0","0","0","0","0","0","0","0","0","0","0","0","0","0","0",331931
"G2650010","1980","S","3","6","Alabama","01",,,,,,,,,,,"Florence, AL","2650",,,,,"0",,,,,,,"ALABAMA","0","0","0","0","0","0","0","0","0","0","0","0","0","0","0","0","0","0","0","0","0",72669
"G2655450","1980","S","3","5","South Carolina","45",,,,,,,,,,,"Florence, SC","2655",,,,,"0",,,,,,,"SOUTH CAROLINA","0","0","0","0","0","0","0","0","0","0","0","0","0","0","0","0","0","0","0","1","0",56240
"G2670080","1980","S","4","8","Colorado","08",,,,,,,,,,,"Fort Collins, CO","2670",,,,,"1",,,,,,,"COLORADO","0","0","0","0","0","0","0","0","0","0","0","0","0","0","0","0","0","0","0","0","0",78287
"G2680120","1980","S","3","5","Florida","12",,,,,,,,,,,"Fort Lauderdale--Hollywood, FL","2680",,,,,"1",,,,,,,"FLORIDA","0","0","0","0","0","0","0","0","0","0","0","0","0","0","0","0","0","0","0","0","0",1008526
"G2699120","1980","S","3","5","Florida","12",,,,,,,,,,,"Fort Myers, FL","2699",,,,,"0",,,,,,,"FLORIDA","0","0","0","0","0","0","0","0","0","0","0","0","0","0","0","0","0","0","0","0","0",140958
"G2710120","1980","S","3","5","Florida","12",,,,,,,,,,,"Fort Pierce, FL","2710",,,,,"0",,,,,,,"FLORIDA","0","0","0","0","0","0","0","0","0","0","0","0","0","0","0","0","0","0","0","0","0",70450
"G2720050","1980","S","3","7","Arkansas","05",,,,,,,,,,,"Fort Smith, AR--OK","2720",,,,,"1",,,,,,,"ARKANSAS","0","0","0","0","0","0","0","0","0","0","0","0","0","0","0","0","0","0","0","0","0",87568
"G2720400","1980","S","3","7","Oklahoma","40",,,,,,,,,,,"Fort Smith, AR--OK","2720",,,,,"1",,,,,,,"OKLAHOMA","0","0","0","0","0","0","0","0","0","0","0","0","0","0","0","0","0","0","0","0","0",2453
"G2750120","1980","S","3","5","Florida","12",,,,,,,,,,,"Fort Walton Beach, FL","2750",,,,,"0",,,,,,,"FLORIDA","0","0","0","0","0","0","0","0","0","0","0","0","0","0","0","0","0","0","0","0","0",85318
"G2760180","1980","S","2","3","Indiana","18",,,,,,,,,,,"Fort Wayne, IN","2760",,,,,"1",,,,,,,"INDIANA","0","0","0","0","0","0","0","0","0","0","0","0","0","0","0","0","0","0","0","0","0",236479
"G2840060","1980","S","4","9","California","06",,,,,,,,,,,"Fresno, CA","2840",,,,,"1",,,,,,,"CALIFORNIA","0","0","0","0","0","0","0","0","0","0","0","0","0","0","0","0","0","0","0","0","0",331551
"G2880010","1980","S","3","6","Alabama","01",,,,,,,,,,,"Gadsden, AL","2880",,,,,"0",,,,,,,"ALABAMA","0","0","0","0","0","0","0","0","0","0","0","0","0","0","0","0","0","0","0","0","0",74730
"G2900120","1980","S","3","5","Florida","12",,,,,,,,,,,"Gainesville, FL","2900",,,,,"1",,,,,,,"FLORIDA","0","0","0","0","0","0","0","0","0","0","0","0","0","0","0","0","0","0","0","0","0",103768
"G2919480","1980","S","3","7","Texas","48",,,,,,,,,,,"Galveston, TX","2919",,,,,"1",,,,,,,"TEXAS","0","0","0","0","0","0","0","0","0","0","0","0","0","0","0","0","0","0","0","0","0",61382
"G2970370","1980","S","3","5","North Carolina","37",,,,,,,,,,,"Gastonia, NC","2970",,,,,"0",,,,,,,"NORTH CAROLINA","0","0","0","0","0","0","0","0","0","0","0","0","0","0","0","0","0","0","0","0","0",106884
"G2975360","1980","S","1","2","New York","36",,,,,,,,,,,"Glens Falls, NY","2975",,,,,"0",,,,,,,"NEW YORK","0","0","0","0","0","0","0","1","0","0","0","0","0","0","0","0","0","0","0","0","1",51382
"G2980370","1980","S","3","5","North Carolina","37",,,,,,,,,,,"Goldsboro, NC","2980",,,,,"0",,,,,,,"NORTH CAROLINA","0","0","0","0","0","0","0","0","0","0","0","0","0","0","0","0","0","0","0","0","0",57670
"G2985270","1980","S","2","4","Minnesota","27",,,,,,,,,,,"Grand Forks, ND--MN","2985",,,,,"0",,,,,,,"MINNESOTA","0","0","0","0","0","0","0","0","0","0","0","0","0","0","0","0","0","0","0","0","0",8545
"G2985380","1980","S","2","4","North Dakota","38",,,,,,,,,,,"Grand Forks, ND--MN","2985",,,,,"0",,,,,,,"NORTH DAKOTA","0","0","0","0","0","0","0","0","0","0","0","0","0","0","0","0","0","0","0","0","0",43765
"G2995080","1980","S","4","8","Colorado","08",,,,,,,,,,,"Grand Junction, CO","2995",,,,,"0",,,,,,,"COLORADO","0","0","0","0","0","0","0","1","0","0","0","0","0","0","0","0","0","0","0","0","1",56854
"G3000260","1980","S","2","3","Michigan","26",,,,,,,,,,,"Grand Rapids, MI","3000",,,,,"1",,,,,,,"MICHIGAN","0","0","0","0","0","0","0","0","0","0","0","0","0","0","0","0","0","0","0","0","0",374744
"G3040300","1980","S","4","8","Montana","30",,,,,,,,,,,"Great Falls, MT","3040",,,,,"1",,,,,,,"MONTANA","0","0","0","0","0","0","0","0","0","0","0","0","0","0","0","0","0","0","0","0","0",66256
"G3060080","1980","S","4","8","Colorado","08",,,,,,,,,,,"Greeley, CO","3060",,,,,"1",,,,,,,"COLORADO","0","0","0","0","0","0","0","0","0","0","0","0","0","0","0","0","0","0","0","0","1",62297
"G3080550","1980","S","2","3","Wisconsin","55",,,,,,,,,,,"Green Bay, WI","3080",,,,,"1",,,,,,,"WISCONSIN","0","0","0","0","0","0","0","1","0","0","0","0","0","0","0","0","0","0","0","0","1",142747
"G3119370","1980","S","3","5","North Carolina","37",,,,,,,,,,,"Greensboro, NC","3119",,,,,"1",,,,,,,"NORTH CAROLINA","0","0","0","0","0","0","0","0","0","0","0","0","0","0","0","0","0","0","0","0","0",170457
"G3159450","1980","S","3","5","South Carolina","45",,,,,,,,,,,"Greenville, SC","3159",,,,,"1",,,,,,,"SOUTH CAROLINA","0","0","0","0","0","0","0","0","0","0","0","0","0","0","0","0","0","0","0","0","0",229303
"G3181240","1980","S","3","5","Maryland","24",,,,,,,,,,,"Hagerstown, MD--PA","3181",,,,,"0",,,,,,,"MARYLAND","0","0","0","0","0","0","0","0","0","0","0","0","0","0","0","0","0","0","0","0","0",65024
"G3181420","1980","S","1","2","Pennsylvania","42",,,,,,,,,,,"Hagerstown, MD--PA","3181",,,,,"0",,,,,,,"PENNSYLVANIA","0","0","0","0","0","0","0","0","0","0","0","0","0","0","0","0","0","0","0","0","0",1253
"G3199390","1980","S","2","3","Ohio","39",,,,,,,,,,,"Hamilton, OH","3199",,,,,"1",,,,,,,"OHIO","0","0","0","0","0","0","0","0","0","0","0","0","0","0","0","0","0","0","0","0","0",105026
"G3232480","1980","S","3","7","Texas","48",,,,,,,,,,,"Harlingen--San Benito, TX","3232",,,,,"0",,,,,,,"TEXAS","0","0","0","0","0","0","0","0","0","0","0","0","0","0","0","0","0","0","0","0","0",66702
"G3240420","1980","S","1","2","Pennsylvania","42",,,,,,,,,,,"Harrisburg, PA","3240",,,,,"1",,,,,,,"PENNSYLVANIA","0","0","0","0","0","0","0","0","0","0","0","0","0","0","0","0","0","0","0","0","0",278296
"G3280090","1980","S","1","1","Connecticut","09",,,,,,,,,,,"Hartford, CT","3280",,,,,"1",,,,,,,"CONNECTICUT","0","0","0","0","0","0","0","0","0","0","0","0","0","0","0","0","0","0","0","0","0",510034
"G3285280","1980","S","3","6","Mississippi","28",,,,,,,,,,,"Hattiesburg, MS","3285",,,,,"0",,,,,,,"MISSISSIPPI","0","0","0","0","0","0","0","0","0","0","0","0","0","0","0","0","0","0","0","0","0",56542
"G3288060","1980","S","4","9","California","06",,,,,,,,,,,"Hemet, CA","3288",,,,,"0",,,,,,,"CALIFORNIA","0","0","0","0","0","0","0","1","0","0","0","0","0","0","0","0","0","0","0","0","1",55377
"G3290370","1980","S","3","5","North Carolina","37",,,,,,,,,,,"Hickory, NC","3290",,,,,"0",,,,,,,"NORTH CAROLINA","0","0","0","0","0","0","0","0","0","0","0","0","0","0","0","0","0","0","0","0","0",62329
"G3303370","1980","S","3","5","North Carolina","37",,,,,,,,,,,"High Point, NC","3303",,,,,"1",,,,,,,"NORTH CAROLINA","0","0","0","0","0","0","0","0","0","0","0","0","0","0","0","0","0","0","0","0","0",100089
"G3320150","1980","S","4","9","Hawaii","15",,,,,,,,,,,"Honolulu, HI","3320",,,,,"1",,,,,,,"HAWAII","0","0","0","0","0","0","0","0","0","0","0","0","0","0","0","0","0","0","0","0","0",582463
"G3350220","1980","S","3","7","Louisiana","22",,,,,,,,,,,"Houma, LA","3350",,,,,"0",,,,,,,"LOUISIANA","0","0","0","0","0","0","0","0","0","0","0","0","0","0","0","0","0","0","0","0","0",65780
"G3360480","1980","S","3","7","Texas","48",,,,,,,,,,,"Houston, TX","3360",,,,,"1",,,,,,,"TEXAS","0","0","0","0","0","0","0","0","0","0","0","0","0","0","0","0","0","0","0","0","0",2412664
"G3400210","1980","S","3","6","Kentucky","21",,,,,,,,,,,"Huntington--Ashland, WV--KY--OH","3400",,,,,"1",,,,,,,"KENTUCKY","0","0","0","0","0","0","0","0","0","0","0","0","0","0","0","0","0","0","0","0","1",60290
"G3400390","1980","S","2","3","Ohio","39",,,,,,,,,,,"Huntington--Ashland, WV--KY--OH","3400",,,,,"1",,,,,,,"OHIO","0","0","0","0","0","0","0","0","0","0","0","0","0","0","0","0","0","0","0","0","0",33353
"G3400540","1980","S","3","5","West Virginia","54",,,,,,,,,,,"Huntington--Ashland, WV--KY--OH","3400",,,,,"1",,,,,,,"WEST VIRGINIA","0","0","0","0","0","0","0","0","0","0","0","0","0","0","0","0","0","0","0","0","0",86197
"G3440010","1980","S","3","6","Alabama","01",,,,,,,,,,,"Huntsville, AL","3440",,,,,"1",,,,,,,"ALABAMA","0","0","0","0","0","0","0","0","0","0","0","0","0","0","0","0","0","0","0","0","0",153841
"G3480180","1980","S","2","3","Indiana","18",,,,,,,,,,,"Indianapolis, IN","3480",,,,,"1",,,,,,,"INDIANA","0","0","0","0","0","0","0","0","0","0","0","0","0","0","0","0","0","0","0","0","0",836472
"G3500190","1980","S","2","4","Iowa","19",,,,,,,,,,,"Iowa City, IA","3500",,,,,"1",,,,,,,"IOWA","0","0","0","0","0","0","0","1","0","0","0","0","0","0","0","0","0","0","0","0","0",59295
"G3520260","1980","S","2","3","Michigan","26",,,,,,,,,,,"Jackson, MI","3520",,,,,"0",,,,,,,"MICHIGAN","0","0","0","0","0","0","0","0","0","0","0","0","0","0","0","0","0","0","0","0","0",81178
"G3560280","1980","S","3","6","Mississippi","28",,,,,,,,,,,"Jackson, MS","3560",,,,,"1",,,,,,,"MISSISSIPPI","0","0","0","0","0","0","0","0","0","0","0","0","0","0","0","0","0","0","0","0","0",265051
"G3580470","1980","S","3","6","Tennessee","47",,,,,,,,,,,"Jackson, TN","3580",,,,,"0",,,,,,,"TENNESSEE","0","0","0","0","0","0","0","0","0","0","0","0","0","0","0","0","0","0","0","0","0",50338
"G3600120","1980","S","3","5","Florida","12",,,,,,,,,,,"Jacksonville, FL","3600",,,,,"1",,,,,,,"FLORIDA","0","0","0","0","0","0","0","0","0","0","0","0","0","0","0","0","0","0","0","0","0",598015
"G3605370","1980","S","3","5","North Carolina","37",,,,,,,,,,,"Jacksonville, NC","3605",,,,,"0",,,,,,,"NORTH CAROLINA","0","0","0","0","0","0","0","0","0","0","0","0","0","0","0","0","0","0","0","0","0",72891
"G3619550","1980","S","2","3","Wisconsin","55",,,,,,,,,,,"Janesville, WI","3619",,,,,"1",,,,,,,"WISCONSIN","0","0","0","0","0","0","0","1","0","0","0","0","0","0","0","0","0","0","0","0","1",51643
"G3659470","1980","S","3","6","Tennessee","47",,,,,,,,,,,"Johnson City, TN","3659",,,,,"0",,,,,,,"TENNESSEE","0","0","0","0","0","0","0","0","0","0","0","0","0","0","0","0","0","0","0","0","0",78473
"G3680420","1980","S","1","2","Pennsylvania","42",,,,,,,,,,,"Johnstown, PA","3680",,,,,"0",,,,,,,"PENNSYLVANIA","0","0","0","0","0","0","0","0","0","0","0","0","0","0","0","0","0","0","0","0","0",90254
"G3697170","1980","S","2","3","Illinois","17",,,,,,,,,,,"Joliet, IL","3697",,,,,"1",,,,,,,"ILLINOIS","0","0","0","0","0","0","0","0","0","0","0","0","0","0","0","0","0","0","0","0","0",167475
"G3710290","1980","S","2","4","Missouri","29",,,,,,,,,,,"Joplin, MO","3710",,,,,"0",,,,,,,"MISSOURI","0","0","0","0","0","0","0","1","0","0","0","0","0","0","0","0","0","0","0","0","0",57658
"G3717150","1980","S","4","9","Hawaii","15",,,,,,,,,,,"Kailua--Kaneohe, HI","3717",,,,,"0",,,,,,,"HAWAII","0","0","0","0","0","0","0","0","0","0","0","0","0","0","0","0","0","0","0","0","0",105712
"G3719260","1980","S","2","3","Michigan","26",,,,,,,,,,,"Kalamazoo, MI","3719",,,,,"1",,,,,,,"MICHIGAN","0","0","0","0","0","0","0","0","0","0","0","0","0","0","0","0","0","0","0","0","0",154990
"G3740170","1980","S","2","3","Illinois","17",,,,,,,,,,,"Kankakee, IL","3740",,,,,"0",,,,,,,"ILLINOIS","0","0","0","0","0","0","0","0","0","0","0","0","0","0","0","0","0","0","0","0","0",61451
"G3760200","1980","S","2","4","Kansas","20",,,,,,,,,,,"Kansas City, MO--KS","3760",,,,,"1",,,,,,,"KANSAS","0","0","0","0","0","0","0","0","0","0","0","0","0","0","0","0","0","0","0","0","0",368776
"G3760290","1980","S","2","4","Missouri","29",,,,,,,,,,,"Kansas City, MO--KS","3760",,,,,"1",,,,,,,"MISSOURI","0","0","0","0","0","0","0","0","0","0","0","0","0","0","0","0","0","0","0","0","0",729017
"G3800550","1980","S","2","3","Wisconsin","55",,,,,,,,,,,"Kenosha, WI","3800",,,,,"1",,,,,,,"WISCONSIN","0","0","0","0","0","0","0","0","0","0","0","0","0","0","0","0","0","0","0","0","0",85742
"G3809480","1980","S","3","7","Texas","48",,,,,,,,,,,"Killeen, TX","3809",,,,,"0",,,,,,,"TEXAS","0","0","0","0","0","0","0","0","0","0","0","0","0","0","0","0","0","0","0","0","0",88145
"G3817470","1980","S","3","6","Tennessee","47",,,,,,,,,,,"Kingsport, TN--VA","3817",,,,,"0",,,,,,,"TENNESSEE","0","0","0","0","0","0","0","1","0","0","0","0","0","0","0","0","0","0","0","0","0",85068
"G3817510","1980","S","3","5","Virginia","51",,,,,,,,,,,"Kingsport, TN--VA","3817",,,,,"0",,,,,,,"VIRGINIA","0","0","0","0","0","0","0","0","0","0","0","0","0","0","0","0","0","0","0","0","0",4692
"G3840470","1980","S","3","6","Tennessee","47",,,,,,,,,,,"Knoxville, TN","3840",,,,,"1",,,,,,,"TENNESSEE","0","0","0","0","0","0","0","0","0","0","0","0","0","0","0","0","0","0","0","0","0",284708
"G3850180","1980","S","2","3","Indiana","18",,,,,,,,,,,"Kokomo, IN","3850",,,,,"0",,,,,,,"INDIANA","0","0","0","0","0","0","0","0","0","0","0","0","0","0","0","0","0","0","0","0","0",61224
"G3871270","1980","S","2","4","Minnesota","27",,,,,,,,,,,"La Crosse, WI--MN","3871",,,,,"0",,,,,,,"MINNESOTA","0","0","1","1","1","1","1","0","0","0","0","1","0","1","1","0","0","0","1","1","0",3879
"G3871550","1980","S","2","3","Wisconsin","55",,,,,,,,,,,"La Crosse, WI--MN","3871",,,,,"0",,,,,,,"WISCONSIN","0","0","0","0","0","0","0","0","0","0","0","0","0","0","0","0","0","0","0","0","0",64087
"G3880220","1980","S","3","7","Louisiana","22",,,,,,,,,,,"Lafayette, LA","3880",,,,,"1",,,,,,,"LOUISIANA","0","0","0","0","0","0","0","0","0","0","0","0","0","0","0","0","0","0","0","0","0",113999
"G3920180","1980","S","2","3","Indiana","18",,,,,,,,,,,"Lafayette--West Lafayette, IN","3920",,,,,"0",,,,,,,"INDIANA","0","0","0","0","0","0","0","1","0","0","0","0","0","0","0","0","0","0","0","0","1",91380
"G3960220","1980","S","3","7","Louisiana","22",,,,,,,,,,,"Lake Charles, LA","3960",,,,,"1",,,,,,,"LOUISIANA","0","0","0","0","0","0","0","0","0","0","0","0","0","0","0","0","0","0","0","0","0",123820
"G3979120","1980","S","3","5","Florida","12",,,,,,,,,,,"Lakeland, FL","3979",,,,,"0",,,,,,,"FLORIDA","0","0","0","0","0","0","0","0","0","0","0","0","0","0","0","0","0","0","0","0","0",114360
"G3992060","1980","S","4","9","California","06",,,,,,,,,,,"Lancaster, CA","3992",,,,,"0",,,,,,,"CALIFORNIA","0","0","0","0","0","0","0","0","0","0","0","0","0","0","0","0","0","0","0","0","0",56328
"G4000420","1980","S","1","2","Pennsylvania","42",,,,,,,,,,,"Lancaster, PA","4000",,,,,"1",,,,,,,"PENNSYLVANIA","0","0","0","0","0","0","0","0","0","0","0","0","0","0","0","0","0","0","0","0","0",157385
"G4039260","1980","S","2","3","Michigan","26",,,,,,,,,,,"Lansing, MI","4039",,,,,"1",,,,,,,"MICHIGAN","0","0","0","0","0","0","0","0","0","0","0","0","0","0","0","0","0","0","0","0","0",254704
"G4080480","1980","S","3","7","Texas","48",,,,,,,,,,,"Laredo, TX","4080",,,,,"1",,,,,,,"TEXAS","0","0","0","0","0","0","0","0","0","0","0","0","0","0","0","0","0","0","0","0","1",94961
"G4100350","1980","S","4","8","New Mexico","35",,,,,,,,,,,"Las Cruces, NM","4100",,,,,"0",,,,,,,"NEW MEXICO","0","0","0","0","0","0","0","0","0","0","0","0","0","0","0","0","0","0","0","0","0",55072
"G4120320","1980","S","4","8","Nevada","32",,,,,,,,,,,"Las Vegas, NV","4120",,,,,"1",,,,,,,"NEVADA","0","0","0","0","0","0","0","0","0","0","0","0","0","0","0","0","0","0","0","0","0",432874
"G4150200","1980","S","2","4","Kansas","20",,,,,,,,,,,"Lawrence, KS","4150",,,,,"1",,,,,,,"KANSAS","0","0","0","0","0","0","0","0","0","0","0","0","0","0","0","0","0","0","0","0","0",52810
"G4160250","1980","S","1","1","Massachusetts","25",,,,,,,,,,,"Lawrence--Haverhill, MA--NH","4160",,,,,"1",,,,,,,"MASSACHUSETTS","0","0","0","0","0","0","0","0","0","0","0","0","0","0","0","0","0","0","0","0","0",189196
"G4160330","1980","S","1","1","New Hampshire","33",,,,,,,,,,,"Lawrence--Haverhill, MA--NH","4160",,,,,"1",,,,,,,"NEW HAMPSHIRE","0","0","0","0","0","0","0","0","0","0","0","0","0","0","0","0","0","0","0","0","0",22232
"G4200400","1980","S","3","7","Oklahoma","40",,,,,,,,,,,"Lawton, OK","4200",,,,,"1",,,,,,,"OKLAHOMA","0","0","0","0","0","0","0","0","0","0","0","0","0","0","0","0","0","0","0","0","0",96134
"G4240230","1980","S","1","1","Maine","23",,,,,,,,,,,"Lewiston--Auburn, ME","4240",,,,,"0",,,,,,,"MAINE","0","0","0","0","0","0","0","1","0","0","0","0","0","0","0","0","0","0","0","0","0",70108
"G4280210","1980","S","3","6","Kentucky","21",,,,,,,,,,,"Lexington--Fayette, KY","4280",,,,,"1",,,,,,,"KENTUCKY","0","0","0","0","0","0","0","0","0","0","0","0","0","0","0","0","0","0","0","0","0",194093
"G4320390","1980","S","2","3","Ohio","39",,,,,,,,,,,"Lima, OH","4320",,,,,"0",,,,,,,"OHIO","0","0","0","0","0","0","0","0","0","0","0","0","0","0","0","0","0","0","0","0","0",70104
"G4360310","1980","S","2","4","Nebraska","31",,,,,,,,,,,"Lincoln, NE","4360",,,,,"1",,,,,,,"NEBRASKA","0","0","0","0","0","0","0","0","0","0","0","0","0","0","0","0","0","0","0","0","0",173550
"G4400050","1980","S","3","7","Arkansas","05",,,,,,,,,,,"Little Rock--North Little Rock, AR","4400",,,,,"1",,,,,,,"ARKANSAS","0","0","0","0","0","0","0","0","0","0","0","0","0","0","0","0","0","0","0","0","0",295133
"G4413480","1980","S","3","7","Texas","48",,,,,,,,,,,"Longview, TX","4413",,,,,"1",,,,,,,"TEXAS","0","0","0","0","0","0","0","0","0","0","0","0","0","0","0","0","0","0","0","0","0",69757
"G4415410","1980","S","4","9","Oregon","41",,,,,,,,,,,"Longview, WA--OR","4415",,,,,"0",,,,,,,"OREGON","0","0","0","0","1","0","1","0","0","0","0","0","1","0","1","0","0","0","1","1","0",1659
"G4415530","1980","S","4","9","Washington","53",,,,,,,,,,,"Longview, WA--OR","4415",,,,,"0",,,,,,,"WASHINGTON","0","0","0","0","0","0","0","0","0","0","0","0","0","0","0","0","0","0","0","0","0",53417
"G4440390","1980","S","2","3","Ohio","39",,,,,,,,,,,"Lorain--Elyria, OH","4440",,,,,"1",,,,,,,"OHIO","0","0","0","0","0","0","0","0","0","0","0","0","0","0","0","0","0","0","0","0","0",225331
"G4480060","1980","S","4","9","California","06",,,,,,,,,,,"Los Angeles--Long Beach, CA","4480",,,,,"1",,,,,,,"CALIFORNIA","0","0","0","0","0","0","0","0","0","0","0","0","0","0","0","0","0","0","0","0","0",9479436
"G4520180","1980","S","2","3","Indiana","18",,,,,,,,,,,"Louisville, KY--IN","4520",,,,,"1",,,,,,,"INDIANA","0","0","0","0","0","0","0","0","0","0","0","0","0","0","0","0","0","0","0","0","0",94603
"G4520210","1980","S","3","6","Kentucky","21",,,,,,,,,,,"Louisville, KY--IN","4520",,,,,"1",,,,,,,"KENTUCKY","0","0","0","0","0","0","0","0","0","0","0","0","0","0","0","0","0","0","0","0","0",666399
"G4560250","1980","S","1","1","Massachusetts","25",,,,,,,,,,,"Lowell, MA--NH","4560",,,,,"1",,,,,,,"MASSACHUSETTS","0","0","0","0","0","0","0","0","0","0","0","0","0","0","0","0","0","0","0","0","0",156482
"G4560330","1980","S","1","1","New Hampshire","33",,,,,,,,,,,"Lowell, MA--NH","4560",,,,,"1",,,,,,,"NEW HAMPSHIRE","0","0","0","0","0","0","0","0","0","0","0","0","0","0","0","0","0","0","0","0","0",930
"G4600480","1980","S","3","7","Texas","48",,,,,,,,,,,"Lubbock, TX","4600",,,,,"1",,,,,,,"TEXAS","0","0","0","0","0","0","0","0","0","0","0","0","0","0","0","0","0","0","0","0","0",175479
"G4640510","1980","S","3","5","Virginia","51",,,,,,,,,,,"Lynchburg, VA","4640",,,,,"1",,,,,,,"VIRGINIA","0","0","0","0","0","0","0","0","0","0","0","0","0","0","0","0","0","0","0","0","0",93921
"G4660480","1980","S","3","7","Texas","48",,,,,,,,,,,"Mcallen--Pharr--Edinburg, TX","4660",,,,,"1",,,,,,,"TEXAS","0","0","0","0","0","0","0","0","0","0","0","0","0","0","0","0","0","0","0","0","0",157423
"G4680130","1980","S","3","5","Georgia","13",,,,,,,,,,,"Macon, GA","4680",,,,,"1",,,,,,,"GEORGIA","0","0","0","0","0","0","0","0","0","0","0","0","0","0","0","0","0","0","0","0","0",130871
"G4720550","1980","S","2","3","Wisconsin","55",,,,,,,,,,,"Madison, WI","4720",,,,,"1",,,,,,,"WISCONSIN","0","0","0","0","0","0","0","0","0","0","0","0","0","0","0","0","0","0","0","0","0",213675
"G4760330","1980","S","1","1","New Hampshire","33",,,,,,,,,,,"Manchester, NH","4760",,,,,"1",,,,,,,"NEW HAMPSHIRE","0","0","0","0","0","0","0","0","0","0","0","0","0","0","0","0","0","0","0","0","0",102844
"G4800390","1980","S","2","3","Ohio","39",,,,,,,,,,,"Mansfield, OH","4800",,,,,"1",,,,,,,"OHIO","0","0","0","0","0","0","0","0","0","0","0","0","0","0","0","0","0","0","0","0","0",78948
"G4890410","1980","S","4","9","Oregon","41",,,,,,,,,,,"Medford, OR","4890",,,,,"0",,,,,,,"OREGON","0","0","0","0","0","0","0","1","0","0","0","0","0","0","0","0","0","0","0","0","1",52469
"G4899120","1980","S","3","5","Florida","12",,,,,,,,,,,"Melbourne--Cocoa, FL","4899",,,,,"0",,,,,,,"FLORIDA","0","0","0","0","0","0","0","0","0","0","0","0","0","0","0","0","0","0","0","0","0",212917
"G4920050","1980","S","3","7","Arkansas","05",,,,,,,,,,,"Memphis, TN--AR--MS","4920",,,,,"1",,,,,,,"ARKANSAS","0","0","0","0","0","0","0","0","0","0","0","0","0","0","0","0","0","0","0","0","0",32907
"G4920280","1980","S","3","6","Mississippi","28",,,,,,,,,,,"Memphis, TN--AR--MS","4920",,,,,"1",,,,,,,"MISSISSIPPI","0","0","0","0","0","0","0","0","0","0","0","0","0","0","0","0","0","0","0","0","0",22703
"G4920470","1980","S","3","6","Tennessee","47",,,,,,,,,,,"Memphis, TN--AR--MS","4920",,,,,"1",,,,,,,"TENNESSEE","0","0","0","0","0","0","0","0","0","0","0","0","0","0","0","0","0","0","0","0","0",718941
"G4960090","1980","S","1","1","Connecticut","09",,,,,,,,,,,"Meriden, CT","4960",,,,,"1",,,,,,,"CONNECTICUT","0","0","0","0","0","0","0","0","0","0","0","0","0","0","0","0","0","0","0","0","0",57118
"G5000120","1980","S","3","5","Florida","12",,,,,,,,,,,"Miami, FL","5000",,,,,"1",,,,,,,"FLORIDA","0","0","0","0","0","0","0","0","0","0","0","0","0","0","0","0","0","0","0","0","0",1608159
"G5023390","1980","S","2","3","Ohio","39",,,,,,,,,,,"Middletown, OH","5023",,,,,"0",,,,,,,"OHIO","0","0","0","0","0","0","0","0","0","0","0","0","0","0","0","0","0","0","0","0","0",91730
"G5040480","1980","S","3","7","Texas","48",,,,,,,,,,,"Midland, TX","5040",,,,,"1",,,,,,,"TEXAS","0","0","0","0","0","0","0","0","0","0","0","0","0","0","0","0","0","0","0","0","0",71606
"G5080550","1980","S","2","3","Wisconsin","55",,,,,,,,,,,"Milwaukee, WI","5080",,,,,"1",,,,,,,"WISCONSIN","0","0","0","0","0","0","0","0","0","0","0","0","0","0","0","0","0","0","0","0","0",1207008
"G5119270","1980","S","2","4","Minnesota","27",,,,,,,,,,,"Minneapolis--St Paul, MN","5119",,,,,"1",,,,,,,"MINNESOTA","0","0","0","0","0","0","0","0","0","0","0","0","0","0","0","0","0","0","0","0","0",1787564
"G5140300","1980","S","4","8","Montana","30",,,,,,,,,,,"Missoula, MT","5140",,,,,"0",,,,,,,"MONTANA","0","0","0","0","0","0","0","1","0","0","0","0","0","0","0","0","0","0","0","0","0",58035
"G5160010","1980","S","3","6","Alabama","01",,,,,,,,,,,"Mobile, AL","5160",,,,,"1",,,,,,,"ALABAMA","0","0","0","0","0","0","0","0","0","0","0","0","0","0","0","0","0","0","0","0","0",295493
"G5170060","1980","S","4","9","California","06",,,,,,,,,,,"Modesto, CA","5170",,,,,"1",,,,,,,"CALIFORNIA","0","0","0","0","0","0","0","0","0","0","0","0","0","0","0","0","0","0","0","0","0",159538
"G5182420","1980","S","1","2","Pennsylvania","42",,,,,,,,,,,"Monessen, PA","5182",,,,,"0",,,,,,,"PENNSYLVANIA","0","0","0","0","0","0","0","0","0","0","0","0","0","0","0","0","0","0","0","0","0",65884
"G5200220","1980","S","3","7","Louisiana","22",,,,,,,,,,,"Monroe, LA","5200",,,,,"1",,,,,,,"LOUISIANA","0","0","0","0","0","0","0","0","0","0","0","0","0","0","0","0","0","0","0","0","0",112537
"G5240010","1980","S","3","6","Alabama","01",,,,,,,,,,,"Montgomery, AL","5240",,,,,"1",,,,,,,"ALABAMA","0","0","0","0","0","0","0","0","0","0","0","0","0","0","0","0","0","0","0","0","0",196947
"G5280180","1980","S","2","3","Indiana","18",,,,,,,,,,,"Muncie, IN","5280",,,,,"1",,,,,,,"INDIANA","0","0","0","0","0","0","0","0","0","0","0","0","0","0","0","0","0","0","0","0","0",91479
"G5319260","1980","S","2","3","Michigan","26",,,,,,,,,,,"Muskegon--Muskegon Heights, MI","5319",,,,,"0",,,,,,,"MICHIGAN","0","0","0","0","0","0","0","0","0","0","0","0","0","0","0","0","0","0","0","0","0",105634
"G5343060","1980","S","4","9","California","06",,,,,,,,,,,"Napa, CA","5343",,,,,"1",,,,,,,"CALIFORNIA","0","0","0","0","0","0","0","1","0","0","0","0","0","0","0","0","0","0","0","0","1",59277
"G5345120","1980","S","3","5","Florida","12",,,,,,,,,,,"Naples, FL","5345",,,,,"0",,,,,,,"FLORIDA","0","0","0","0","0","0","0","1","0","0","0","0","0","0","0","0","0","0","0","0","0",53675
"G5350330","1980","S","1","1","New Hampshire","33",,,,,,,,,,,"Nashua, NH","5350",,,,,"1",,,,,,,"NEW HAMPSHIRE","0","0","0","0","0","0","0","0","0","0","0","0","0","0","0","0","0","0","0","0","0",75299
"G5360470","1980","S","3","6","Tennessee","47",,,,,,,,,,,"Nashville--Davidson, TN","5360",,,,,"1",,,,,,,"TENNESSEE","0","0","0","0","0","0","0","0","0","0","0","0","0","0","0","0","0","0","0","0","0",518325
"G5395390","1980","S","2","3","Ohio","39",,,,,,,,,,,"Newark, OH","5395",,,,,"0",,,,,,,"OHIO","0","0","0","0","0","0","0","1","0","0","0","0","0","0","0","0","0","0","0","0","1",50839
"G5400250","1980","S","1","1","Massachusetts","25",,,,,,,,,,,"New Bedford, MA","5400",,,,,"1",,,,,,,"MASSACHUSETTS","0","0","0","0","0","0","0","0","0","0","0","0","0","0","0","0","0","0","0","0","0",133274
"G5440090","1980","S","1","1","Connecticut","09",,,,,,,,,,,"New Britain, CT","5440",,,,,"1",,,,,,,"CONNECTICUT","0","0","0","0","0","0","0","0","0","0","0","0","0","0","0","0","0","0","0","0","0",135817
"G5469360","1980","S","1","2","New York","36",,,,,,,,,,,"Newburgh, NY","5469",,,,,"0",,,,,,,"NEW YORK","0","0","0","0","0","0","0","0","0","0","0","0","0","0","0","0","0","0","0","0","0",65711
"G5479090","1980","S","1","1","Connecticut","09",,,,,,,,,,,"New Haven, CT","5479",,,,,"1",,,,,,,"CONNECTICUT","0","0","0","0","0","0","0","0","0","0","0","0","0","0","0","0","0","0","0","0","0",368061
"G5519090","1980","S","1","1","Connecticut","09",,,,,,,,,,,"New London--Norwich, CT","5519",,,,,"0",,,,,,,"CONNECTICUT","0","0","0","0","0","0","0","0","0","0","0","0","0","0","0","0","0","0","0","0","0",148829
"G5560220","1980","S","3","7","Louisiana","22",,,,,,,,,,,"New Orleans, LA","5560",,,,,"1",,,,,,,"LOUISIANA","0","0","0","0","0","0","0","0","0","0","0","0","0","0","0","0","0","0","0","0","0",1078299
"G5570440","1980","S","1","1","Rhode Island","44",,,,,,,,,,,"Newport, RI","5570",,,,,"0",,,,,,,"RHODE ISLAND","0","0","0","0","0","0","0","0","0","0","0","0","0","0","0","0","0","0","0","0","0",51381
"G5580510","1980","S","3","5","Virginia","51",,,,,,,,,,,"Newport News--Hampton, VA","5580",,,,,"1",,,,,,,"VIRGINIA","0","0","0","0","0","0","0","0","0","0","0","0","0","0","0","0","0","0","0","0","0",328576
"G5601340","1980","S","1","2","New Jersey","34",,,,,,,,,,,"New York, NY--Northeastern NJ","5601",,,,,"1",,,,,,,"NEW JERSEY","0","0","0","0","0","0","0","0","0","0","0","0","0","0","0","0","0","0","0","0","0",4917299
"G5601360","1980","S","1","2","New York","36",,,,,,,,,,,"New York, NY--Northeastern NJ","5601",,,,,"1",,,,,,,"NEW YORK","0","0","0","0","0","0","0","0","0","0","0","0","0","0","0","0","0","0","0","0","0",10672975
"G5719510","1980","S","3","5","Virginia","51",,,,,,,,,,,"Norfolk--Portsmouth, VA","5719",,,,,"1",,,,,,,"VIRGINIA","0","0","0","0","0","0","0","0","0","0","0","0","0","0","0","0","0","0","0","0","0",770784
"G5760090","1980","S","1","1","Connecticut","09",,,,,,,,,,,"Norwalk, CT","5760",,,,,"1",,,,,,,"CONNECTICUT","0","0","0","0","0","0","0","0","0","0","0","0","0","0","0","0","0","0","0","0","0",107550
"G5790120","1980","S","3","5","Florida","12",,,,,,,,,,,"Ocala, FL","5790",,,,,"0",,,,,,,"FLORIDA","0","0","0","0","0","0","0","0","0","0","0","0","0","0","0","0","0","0","0","0","0",50860
"G5800480","1980","S","3","7","Texas","48",,,,,,,,,,,"Odessa, TX","5800",,,,,"1",,,,,,,"TEXAS","0","0","0","0","0","0","0","0","0","0","0","0","0","0","0","0","0","0","0","0","0",101518
"G5840490","1980","S","4","8","Utah","49",,,,,,,,,,,"Ogden, UT","5840",,,,,"1",,,,,,,"UTAH","0","0","0","0","0","0","0","0","0","0","0","0","0","0","0","0","0","0","0","0","0",205744
"G5880400","1980","S","3","7","Oklahoma","40",,,,,,,,,,,"Oklahoma City, OK","5880",,,,,"1",,,,,,,"OKLAHOMA","0","0","0","0","0","0","0","0","0","0","0","0","0","0","0","0","0","0","0","0","0",674322
"G5910530","1980","S","4","9","Washington","53",,,,,,,,,,,"Olympia, WA","5910",,,,,"0",,,,,,,"WASHINGTON","0","0","0","0","0","0","0","1","0","0","0","0","0","0","0","0","0","0","0","0","0",68616
"G5920190","1980","S","2","4","Iowa","19",,,,,,,,,,,"Omaha, NE--IA","5920",,,,,"1",,,,,,,"IOWA","0","0","0","0","0","0","0","1","0","0","0","0","0","0","0","0","0","0","0","0","1",62173
"G5920310","1980","S","2","4","Nebraska","31",,,,,,,,,,,"Omaha, NE--IA","5920",,,,,"1",,,,,,,"NEBRASKA","0","0","0","0","0","0","0","0","0","0","0","0","0","0","0","0","0","0","0","0","0",450265
"G5960120","1980","S","3","5","Florida","12",,,,,,,,,,,"Orlando, FL","5960",,,,,"1",,,,,,,"FLORIDA","0","0","0","0","0","0","0","0","0","0","0","0","0","0","0","0","0","0","0","0","0",577235
"G5973550","1980","S","2","3","Wisconsin","55",,,,,,,,,,,"Oshkosh, WI","5973",,,,,"0",,,,,,,"WISCONSIN","0","0","0","0","0","0","0","1","0","0","0","0","0","0","0","0","0","0","0","0","0",52958
"G5990210","1980","S","3","6","Kentucky","21",,,,,,,,,,,"Owensboro, KY","5990",,,,,"1",,,,,,,"KENTUCKY","0","0","0","0","0","0","0","1","0","0","0","0","0","0","0","0","0","0","0","0","0",57549
"G6001060","1980","S","4","9","California","06",,,,,,,,,,,"Oxnard--Ventura--Thousand Oaks, CA","6001",,,,,"1",,,,,,,"CALIFORNIA","0","0","0","0","0","0","0","0","0","0","0","0","0","0","0","0","0","0","0","0","0",377695
"G6012060","1980","S","4","9","California","06",,,,,,,,,,,"Palm Springs, CA","6012",,,,,"0",,,,,,,"CALIFORNIA","0","0","0","0","0","0","0","0","0","0","0","0","0","0","0","0","0","0","0","0","0",66431
"G6015120","1980","S","3","5","Florida","12",,,,,,,,,,,"Panama City, FL","6015",,,,,"0",,,,,,,"FLORIDA","0","0","0","0","0","0","0","0","0","0","0","0","0","0","0","0","0","0","0","0","0",78886
"G6019390","1980","S","2","3","Ohio","39",,,,,,,,,,,"Parkersburg, WV--OH","6019",,,,,"0",,,,,,,"OHIO","0","0","0","1","0","1","1","0","0","0","0","0","1","0","1","0","0","0","0","0","0",7193
"G6019540","1980","S","3","5","West Virginia","54",,,,,,,,,,,"Parkersburg, WV--OH","6019",,,,,"0",,,,,,,"WEST VIRGINIA","0","0","0","0","0","0","0","0","0","0","0","0","0","0","0","0","0","0","0","0","0",55988
"G6025280","1980","S","3","6","Mississippi","28",,,,,,,,,,,"Pascagoula--Moss Point, MS","6025",,,,,"0",,,,,,,"MISSISSIPPI","0","0","0","0","0","0","0","0","0","0","0","0","0","0","0","0","0","0","0","0","0",65174
"G6080120","1980","S","3","5","Florida","12",,,,,,,,,,,"Pensacola, FL","6080",,,,,"1",,,,,,,"FLORIDA","0","0","0","0","0","0","0","0","0","0","0","0","0","0","0","0","0","0","0","0","0",215995
"G6120170","1980","S","2","3","Illinois","17",,,,,,,,,,,"Peoria, IL","6120",,,,,"1",,,,,,,"ILLINOIS","0","0","0","0","0","0","0","0","0","0","0","0","0","0","0","0","0","0","0","0","0",261418
"G6139510","1980","S","3","5","Virginia","51",,,,,,,,,,,"Petersburg--Colonial Heights, VA","6139",,,,,"0",,,,,,,"VIRGINIA","0","0","0","0","0","0","0","0","0","0","0","0","0","0","0","0","0","0","0","0","0",106582
"G6160340","1980","S","1","2","New Jersey","34",,,,,,,,,,,"Philadelphia, PA--NJ","6160",,,,,"1",,,,,,,"NEW JERSEY","0","0","0","0","0","0","0","0","0","0","0","0","0","0","0","0","0","0","0","0","0",842899
"G6160420","1980","S","1","2","Pennsylvania","42",,,,,,,,,,,"Philadelphia, PA--NJ","6160",,,,,"1",,,,,,,"PENNSYLVANIA","0","0","0","0","0","0","0","0","0","0","0","0","0","0","0","0","0","0","0","0","0",3270034
"G6200040","1980","S","4","8","Arizona","04",,,,,,,,,,,"Phoenix, AZ","6200",,,,,"1",,,,,,,"ARIZONA","0","0","0","0","0","0","0","0","0","0","0","0","0","0","0","0","0","0","0","0","0",1409279
"G6240050","1980","S","3","7","Arkansas","05",,,,,,,,,,,"Pine Bluff, AR","6240",,,,,"1",,,,,,,"ARKANSAS","0","0","0","0","0","0","0","0","0","0","0","0","0","0","0","0","0","0","0","0","0",62817
"G6280420","1980","S","1","2","Pennsylvania","42",,,,,,,,,,,"Pittsburgh, PA","6280",,,,,"1",,,,,,,"PENNSYLVANIA","0","0","0","0","0","0","0","0","0","0","0","0","0","0","0","0","0","0","0","0","0",1810038
"G6320250","1980","S","1","1","Massachusetts","25",,,,,,,,,,,"Pittsfield, MA","6320",,,,,"1",,,,,,,"MASSACHUSETTS","0","0","0","0","0","0","0","1","0","0","0","0","0","0","0","0","0","0","0","0","1",57554
"G6340160","1980","S","4","8","Idaho","16",,,,,,,,,,,"Pocatello, ID","6340",,,,,"0",,,,,,,"IDAHO","0","0","0","0","0","0","0","0","0","0","0","0","0","0","0","0","0","0","0","0","0",53401
"G6387480","1980","S","3","7","Texas","48",,,,,,,,,,,"Port Arthur, TX","6387",,,,,"1",,,,,,,"TEXAS","0","0","0","0","0","0","0","0","0","0","0","0","0","0","0","0","0","0","0","0","0",118562
"G6390260","1980","S","2","3","Michigan","26",,,,,,,,,,,"Port Huron, MI","6390",,,,,"0",,,,,,,"MICHIGAN","0","0","0","0","0","0","0","0","0","0","0","0","0","0","0","0","0","0","0","0","0",59647
"G6400230","1980","S","1","1","Maine","23",,,,,,,,,,,"Portland, ME","6400",,,,,"1",,,,,,,"MAINE","0","0","0","0","0","0","0","1","0","0","0","0","0","0","0","0","0","0","0","0","1",107099
"G6440410","1980","S","4","9","Oregon","41",,,,,,,,,,,"Portland, OR--WA","6440",,,,,"1",,,,,,,"OREGON","0","0","0","0","0","0","0","0","0","0","0","0","0","0","0","0","0","0","0","0","0",895856
"G6440530","1980","S","4","9","Washington","53",,,,,,,,,,,"Portland, OR--WA","6440",,,,,"1",,,,,,,"WASHINGTON","0","0","0","0","0","0","0","0","0","0","0","0","0","0","0","0","0","0","0","0","0",130288
"G6450230","1980","S","1","1","Maine","23",,,,,,,,,,,"Portsmouth--Dover--Rochester, NH--ME","6450",,,,,"0",,,,,,,"MAINE","0","0","0","0","0","0","0","0","0","0","0","0","1","0","1","0","0","0","0","1","0",11959
"G6450330","1980","S","1","1","New Hampshire","33",,,,,,,,,,,"Portsmouth--Dover--Rochester, NH--ME","6450",,,,,"0",,,,,,,"NEW HAMPSHIRE","0","0","0","0","0","0","0","0","0","0","0","0","0","0","0","0","0","0","0","0","0",91763
"G6460360","1980","S","1","2","New York","36",,,,,,,,,,,"Poughkeepsie, NY","6460",,,,,"0",,,,,,,"NEW YORK","0","0","0","0","0","0","0","0","0","0","0","0","0","0","0","0","0","0","0","0","0",136571
"G6479250","1980","S","1","1","Massachusetts","25",,,,,,,,,,,"Providence--Pawtucket--Warwick, RI--MA","6479",,,,,"1",,,,,,,"MASSACHUSETTS","0","0","0","0","0","0","0","1","0","0","0","0","0","0","0","0","0","0","0","0","1",72319
"G6479440","1980","S","1","1","Rhode Island","44",,,,,,,,,,,"Providence--Pawtucket--Warwick, RI--MA","6479",,,,,"1",,,,,,,"RHODE ISLAND","0","0","0","0","0","0","0","0","0","0","0","0","0","0","0","0","0","0","0","0","0",723931
"G6520490","1980","S","4","8","Utah","49",,,,,,,,,,,"Provo--Orem, UT","6520",,,,,"1",,,,,,,"UTAH","0","0","0","0","0","0","0","1","0","0","0","0","0","0","0","0","0","0","0","0","1",169699
"G6560080","1980","S","4","8","Colorado","08",,,,,,,,,,,"Pueblo, CO","6560",,,,,"1",,,,,,,"COLORADO","0","0","0","0","0","0","0","0","0","0","0","0","0","0","0","0","0","0","0","0","0",109444
"G6600550","1980","S","2","3","Wisconsin","55",,,,,,,,,,,"Racine, WI","6600",,,,,"1",,,,,,,"WISCONSIN","0","0","0","0","0","0","0","0","0","0","0","0","0","0","0","0","0","0","0","0","0",118987
"G6639370","1980","S","3","5","North Carolina","37",,,,,,,,,,,"Raleigh, NC","6639",,,,,"1",,,,,,,"NORTH CAROLINA","0","0","0","0","0","0","0","0","0","0","0","0","0","0","0","0","0","0","0","0","0",206597
"G6660460","1980","S","2","4","South Dakota","46",,,,,,,,,,,"Rapid City, SD","6660",,,,,"0",,,,,,,"SOUTH DAKOTA","0","0","0","0","0","0","0","1","0","0","0","0","0","0","0","0","0","0","0","0","1",50882
"G6680420","1980","S","1","2","Pennsylvania","42",,,,,,,,,,,"Reading, PA","6680",,,,,"1",,,,,,,"PENNSYLVANIA","0","0","0","0","0","0","0","0","0","0","0","0","0","0","0","0","0","0","0","0","0",173450
"G6690060","1980","S","4","9","California","06",,,,,,,,,,,"Redding, CA","6690",,,,,"0",,,,,,,"CALIFORNIA","0","0","0","0","0","0","0","1","0","0","0","0","0","0","0","0","0","0","0","0","0",52867
"G6720320","1980","S","4","8","Nevada","32",,,,,,,,,,,"Reno, NV","6720",,,,,"1",,,,,,,"NEVADA","0","0","0","0","0","0","0","0","0","0","0","0","0","0","0","0","0","0","0","0","0",162286
"G6739530","1980","S","4","9","Washington","53",,,,,,,,,,,"Richland--Kennewick, WA","6739",,,,,"0",,,,,,,"WASHINGTON","0","0","0","0","0","0","0","0","0","0","0","0","0","0","0","0","0","0","0","0","1",112171
"G6760510","1980","S","3","5","Virginia","51",,,,,,,,,,,"Richmond, VA","6760",,,,,"1",,,,,,,"VIRGINIA","0","0","0","0","0","0","0","0","0","0","0","0","0","0","0","0","0","0","0","0","0",491627
"G6800510","1980","S","3","5","Virginia","51",,,,,,,,,,,"Roanoke, VA","6800",,,,,"1",,,,,,,"VIRGINIA","0","0","0","0","0","0","0","0","0","0","0","0","0","0","0","0","0","0","0","0","0",177475
"G6820270","1980","S","2","4","Minnesota","27",,,,,,,,,,,"Rochester, MN","6820",,,,,"1",,,,,,,"MINNESOTA","0","0","0","0","0","0","0","1","0","0","0","0","0","0","0","0","0","0","0","0","1",60473
"G6840360","1980","S","1","2","New York","36",,,,,,,,,,,"Rochester, NY","6840",,,,,"1",,,,,,,"NEW YORK","0","0","0","0","0","0","0","0","0","0","0","0","0","0","0","0","0","0","0","0","0",606070
"G6880170","1980","S","2","3","Illinois","17",,,,,,,,,,,"Rockford, IL","6880",,,,,"1",,,,,,,"ILLINOIS","0","0","0","0","0","0","0","0","0","0","0","0","0","0","0","0","0","0","0","0","0",204304
"G6885450","1980","S","3","5","South Carolina","45",,,,,,,,,,,"Rock Hill, SC","6885",,,,,"0",,,,,,,"SOUTH CAROLINA","0","0","0","0","0","0","0","0","0","0","0","0","0","0","0","0","0","0","0","0","1",50846
"G6900130","1980","S","3","5","Georgia","13",,,,,,,,,,,"Rome, GA","6900",,,,,"0",,,,,,,"GEORGIA","0","0","0","0","0","0","0","0","0","0","0","0","0","0","0","0","0","0","0","0","0",51082
"G6913170","1980","S","2","3","Illinois","17",,,,,,,,,,,"Round Lake Beach, IL","6913",,,,,"0",,,,,,,"ILLINOIS","0","0","0","0","0","0","0","1","0","0","0","0","0","0","0","0","0","0","0","0","0",65676
"G6920060","1980","S","4","9","California","06",,,,,,,,,,,"Sacramento, CA","6920",,,,,"1",,,,,,,"CALIFORNIA","0","0","0","0","0","0","0","0","0","0","0","0","0","0","0","0","0","0","0","0","0",796266
"G6960260","1980","S","2","3","Michigan","26",,,,,,,,,,,"Saginaw, MI","6960",,,,,"1",,,,,,,"MICHIGAN","0","0","0","0","0","0","0","0","0","0","0","0","0","0","0","0","0","0","0","0","0",146769
"G6980270","1980","S","2","4","Minnesota","27",,,,,,,,,,,"St Cloud, MN","6980",,,,,"0",,,,,,,"MINNESOTA","0","0","0","0","0","0","0","1","0","0","0","0","0","0","0","0","0","0","0","0","1",58375
"G7001200","1980","S","2","4","Kansas","20",,,,,,,,,,,"St Joseph, MO--KS","7001",,,,,"1",,,,,,,"KANSAS","0","0","0","1","1","1","1","0","0","0","0","0","1","1","1","0","0","0","1","0","0",1279
"G7001290","1980","S","2","4","Missouri","29",,,,,,,,,,,"St Joseph, MO--KS","7001",,,,,"1",,,,,,,"MISSOURI","0","0","0","0","0","0","0","0","0","0","0","0","0","0","0","0","0","0","0","0","0",78657
"G7040170","1980","S","2","3","Illinois","17",,,,,,,,,,,"St Louis, MO--IL","7040",,,,,"1",,,,,,,"ILLINOIS","0","0","0","0","0","0","0","0","0","0","0","0","0","0","0","0","0","0","0","0","0",298213
"G7040290","1980","S","2","4","Missouri","29",,,,,,,,,,,"St Louis, MO--IL","7040",,,,,"1",,,,,,,"MISSOURI","0","0","0","0","0","0","0","0","0","0","0","0","0","0","0","0","0","0","0","0","0",1550377
"G7060120","1980","S","3","5","Florida","12",,,,,,,,,,,"St Petersburg, FL","7060",,,,,"1",,,,,,,"FLORIDA","0","0","0","0","0","0","0","0","0","0","0","0","0","0","0","0","0","0","0","0","0",833337
"G7080410","1980","S","4","9","Oregon","41",,,,,,,,,,,"Salem, OR","7080",,,,,"1",,,,,,,"OREGON","0","0","0","0","0","0","0","0","0","0","0","0","0","0","0","0","0","0","0","0","0",135747
"G7119060","1980","S","4","9","California","06",,,,,,,,,,,"Salinas, CA","7119",,,,,"1",,,,,,,"CALIFORNIA","0","0","0","0","0","0","0","0","0","0","0","0","0","0","0","0","0","0","0","0","0",82600
"G7159490","1980","S","4","8","Utah","49",,,,,,,,,,,"Salt Lake City, UT","7159",,,,,"1",,,,,,,"UTAH","0","0","0","0","0","0","0","0","0","0","0","0","0","0","0","0","0","0","0","0","0",674201
"G7200480","1980","S","3","7","Texas","48",,,,,,,,,,,"San Angelo, TX","7200",,,,,"1",,,,,,,"TEXAS","0","0","0","0","0","0","0","0","0","0","0","0","0","0","0","0","0","0","0","0","0",73994
"G7240480","1980","S","3","7","Texas","48",,,,,,,,,,,"San Antonio, TX","7240",,,,,"1",,,,,,,"TEXAS","0","0","0","0","0","0","0","0","0","0","0","0","0","0","0","0","0","0","0","0","0",944893
"G7279060","1980","S","4","9","California","06",,,,,,,,,,,"San Bernardino--Riverside, CA","7279",,,,,"1",,,,,,,"CALIFORNIA","0","0","0","0","0","0","0","0","0","0","0","0","0","0","0","0","0","0","0","0","0",705175
"G7320060","1980","S","4","9","California","06",,,,,,,,,,,"San Diego, CA","7320",,,,,"1",,,,,,,"CALIFORNIA","0","0","0","0","0","0","0","0","0","0","0","0","0","0","0","0","0","0","0","0","0",1704352
"G7360060","1980","S","4","9","California","06",,,,,,,,,,,"San Francisco--Oakland, CA","7360",,,,,"1",,,,,,,"CALIFORNIA","0","0","0","0","0","0","0","0","0","0","0","0","0","0","0","0","0","0","0","0","0",3190698
"G7400060","1980","S","4","9","California","06",,,,,,,,,,,"San Jose, CA","7400",,,,,"1",,,,,,,"CALIFORNIA","0","0","0","0","0","0","0","0","0","0","0","0","0","0","0","0","0","0","0","0","0",1243952
"G7479060","1980","S","4","9","California","06",,,,,,,,,,,"Santa Barbara, CA","7479",,,,,"1",,,,,,,"CALIFORNIA","0","0","0","0","0","0","0","0","0","0","0","0","0","0","0","0","0","0","0","0","0",150173
"G7485060","1980","S","4","9","California","06",,,,,,,,,,,"Santa Cruz, CA","7485",,,,,"0",,,,,,,"CALIFORNIA","0","0","0","0","0","0","0","0","0","0","0","0","0","0","0","0","0","0","0","0","0",123226
"G7490350","1980","S","4","8","New Mexico","35",,,,,,,,,,,"Santa Fe, NM","7490",,,,,"0",,,,,,,"NEW MEXICO","0","0","0","0","0","0","0","0","0","0","0","0","0","0","0","0","0","0","0","0","1",52042
"G7497060","1980","S","4","9","California","06",,,,,,,,,,,"Santa Maria, CA","7497",,,,,"0",,,,,,,"CALIFORNIA","0","0","0","0","0","0","0","0","0","0","0","0","0","0","0","0","0","0","0","0","0",57237
"G7500060","1980","S","4","9","California","06",,,,,,,,,,,"Santa Rosa, CA","7500",,,,,"1",,,,,,,"CALIFORNIA","0","0","0","0","0","0","0","0","0","0","0","0","0","0","0","0","0","0","0","0","0",137019
"G7511120","1980","S","3","5","Florida","12",,,,,,,,,,,"Sarasota--Bradenton, FL","7511",,,,,"0",,,,,,,"FLORIDA","0","0","0","0","0","0","0","0","0","0","0","0","0","0","0","0","0","0","0","0","0",305431
"G7520130","1980","S","3","5","Georgia","13",,,,,,,,,,,"Savannah, GA","7520",,,,,"1",,,,,,,"GEORGIA","0","0","0","0","0","0","0","0","0","0","0","0","0","0","0","0","0","0","0","0","0",186546
"G7560420","1980","S","1","2","Pennsylvania","42",,,,,,,,,,,"Scranton--Wilkes--Barre, PA","7560",,,,,"1",,,,,,,"PENNSYLVANIA","0","0","0","0","0","0","0","0","0","0","0","0","0","0","0","0","0","0","0","0","0",406517
"G7572060","1980","S","4","9","California","06",,,,,,,,,,,"Seaside--Monterey, CA","7572",,,,,"0",,,,,,,"CALIFORNIA","0","0","0","0","0","0","0","0","0","0","0","0","0","0","0","0","0","0","0","0","0",115418
"G7600530","1980","S","4","9","Washington","53",,,,,,,,,,,"Seattle--Everett, WA","7600",,,,,"1",,,,,,,"WASHINGTON","0","0","0","0","0","0","0","0","0","0","0","0","0","0","0","0","0","0","0","0","0",1391535
"G7611390","1980","S","2","3","Ohio","39",,,,,,,,,,,"Sharon, PA--OH","7611",,,,,"0",,,,,,,"OHIO","0","0","1","1","0","1","1","0","0","0","0","1","1","0","0","0","0","0","0","0","0",5208
"G7611420","1980","S","1","2","Pennsylvania","42",,,,,,,,,,,"Sharon, PA--OH","7611",,,,,"0",,,,,,,"PENNSYLVANIA","0","0","0","0","0","0","0","0","0","0","0","0","0","0","0","0","0","0","0","0","0",45725
"G7620550","1980","S","2","3","Wisconsin","55",,,,,,,,,,,"Sheboygan, WI","7620",,,,,"0",,,,,,,"WISCONSIN","0","0","0","0","0","0","0","1","0","0","0","0","0","0","0","0","0","0","0","0","1",58531
"G7640480","1980","S","3","7","Texas","48",,,,,,,,,,,"Sherman--Denison, TX","7640",,,,,"0",,,,,,,"TEXAS","0","0","0","0","0","0","0","0","0","0","0","0","0","0","0","0","0","0","0","0","0",56441
"G7680220","1980","S","3","7","Louisiana","22",,,,,,,,,,,"Shreveport, LA","7680",,,,,"1",,,,,,,"LOUISIANA","0","0","0","0","0","0","0","0","0","0","0","0","0","0","0","0","0","0","0","0","0",263827
"G7702060","1980","S","4","9","California","06",,,,,,,,,,,"Simi Valley, CA","7702",,,,,"1",,,,,,,"CALIFORNIA","0","0","0","0","0","0","0","1","0","0","0","0","0","0","0","0","0","0","0","0","1",79921
"G7721190","1980","S","2","4","Iowa","19",,,,,,,,,,,"Sioux City, IA--NE--SD","7721",,,,,"1",,,,,,,"IOWA","0","0","0","0","0","0","0","0","0","0","0","0","0","0","0","0","0","0","0","0","0",84419
"G7721310","1980","S","2","4","Nebraska","31",,,,,,,,,,,"Sioux City, IA--NE--SD","7721",,,,,"1",,,,,,,"NEBRASKA","0","0","0","0","0","0","0","0","0","0","0","0","0","0","0","0","0","0","0","0","0",10335
"G7721460","1980","S","2","4","South Dakota","46",,,,,,,,,,,"Sioux City, IA--NE--SD","7721",,,,,"1",,,,,,,"SOUTH DAKOTA","0","0","0","0","0","0","0","0","0","0","0","0","0","0","0","0","0","0","0","0","0",1992
"G7760460","1980","S","2","4","South Dakota","46",,,,,,,,,,,"Sioux Falls, SD","7760",,,,,"1",,,,,,,"SOUTH DAKOTA","0","0","0","0","0","0","0","1","0","0","0","0","0","0","0","0","0","0","0","0","1",85834
"G7801180","1980","S","2","3","Indiana","18",,,,,,,,,,,"South Bend, IN--MI","7801",,,,,"1",,,,,,,"INDIANA","0","0","0","0","0","0","0","0","0","0","0","0","0","0","0","0","0","0","0","0","0",202513
"G7801260","1980","S","2","3","Michigan","26",,,,,,,,,,,"South Bend, IN--MI","7801",,,,,"1",,,,,,,"MICHIGAN","0","0","0","0","0","0","0","0","0","0","0","0","0","0","0","0","0","0","0","0","0",23818
"G7820450","1980","S","3","5","South Carolina","45",,,,,,,,,,,"Spartanburg, SC","7820",,,,,"0",,,,,,,"SOUTH CAROLINA","0","0","0","0","0","0","0","0","0","0","0","0","0","0","0","0","0","0","0","0","0",100706
"G7840530","1980","S","4","9","Washington","53",,,,,,,,,,,"Spokane, WA","7840",,,,,"1",,,,,,,"WASHINGTON","0","0","0","0","0","0","0","0","0","0","0","0","0","0","0","0","0","0","0","0","0",266709
"G7880170","1980","S","2","3","Illinois","17",,,,,,,,,,,"Springfield, IL","7880",,,,,"1",,,,,,,"ILLINOIS","0","0","0","0","0","0","0","0","0","0","0","0","0","0","0","0","0","0","0","0","0",122806
"G7920290","1980","S","2","4","Missouri","29",,,,,,,,,,,"Springfield, MO","7920",,,,,"1",,,,,,,"MISSOURI","0","0","0","0","0","0","0","0","0","0","0","0","0","0","0","0","0","0","0","0","0",139030
"G7960390","1980","S","2","3","Ohio","39",,,,,,,,,,,"Springfield, OH","7960",,,,,"1",,,,,,,"OHIO","0","0","0","0","0","0","0","0","0","0","0","0","0","0","0","0","0","0","0","0","0",86742
"G8000090","1980","S","1","1","Connecticut","09",,,,,,,,,,,"Springfield--Chicopee--Holyoke, MA--CT","8000",,,,,"1",,,,,,,"CONNECTICUT","0","0","0","0","0","0","0","0","0","0","0","0","0","0","0","0","0","0","0","0","1",57519
"G8000250","1980","S","1","1","Massachusetts","25",,,,,,,,,,,"Springfield--Chicopee--Holyoke, MA--CT","8000",,,,,"1",,,,,,,"MASSACHUSETTS","0","0","0","0","0","0","0","0","0","0","0","0","0","0","0","0","0","0","0","0","0",448303
"G8040090","1980","S","1","1","Connecticut","09",,,,,,,,,,,"Stamford, CT","8040",,,,,"1",,,,,,,"CONNECTICUT","0","0","0","0","0","0","0","0","0","0","0","0","0","0","0","0","0","0","0","0","0",182978
"G8050420","1980","S","1","2","Pennsylvania","42",,,,,,,,,,,"State College, PA","8050",,,,,"0",,,,,,,"PENNSYLVANIA","0","0","0","0","0","0","0","0","0","0","0","0","0","0","0","0","0","0","0","0","0",51298
"G8081390","1980","S","2","3","Ohio","39",,,,,,,,,,,"Steubenville--Weirton, OH--WV--PA","8081",,,,,"0",,,,,,,"OHIO","0","0","0","0","0","0","0","1","0","0","0","0","0","0","0","0","0","0","0","0","1",44459
"G8081420","1980","S","1","2","Pennsylvania","42",,,,,,,,,,,"Steubenville--Weirton, OH--WV--PA","8081",,,,,"0",,,,,,,"PENNSYLVANIA","0","0","0","0","0","0","0","0","0","0","0","0","0","0","0","0","0","0","0","0","0",472
"G8081540","1980","S","3","5","West Virginia","54",,,,,,,,,,,"Steubenville--Weirton, OH--WV--PA","8081",,,,,"0",,,,,,,"WEST VIRGINIA","0","0","0","0","0","0","0","0","0","0","0","0","0","0","0","0","0","0","0","0","0",32720
"G8120060","1980","S","4","9","California","06",,,,,,,,,,,"Stockton, CA","8120",,,,,"1",,,,,,,"CALIFORNIA","0","0","0","0","0","0","0","0","0","0","0","0","0","0","0","0","0","0","0","0","0",197052
"G8160360","1980","S","1","2","New York","36",,,,,,,,,,,"Syracuse, NY","8160",,,,,"1",,,,,,,"NEW YORK","0","0","0","0","0","0","0","0","0","0","0","0","0","0","0","0","0","0","0","0","0",379284
"G8200530","1980","S","4","9","Washington","53",,,,,,,,,,,"Tacoma, WA","8200",,,,,"1",,,,,,,"WASHINGTON","0","0","0","0","0","0","0","0","0","0","0","0","0","0","0","0","0","0","0","0","0",402077
"G8240120","1980","S","3","5","Florida","12",,,,,,,,,,,"Tallahassee, FL","8240",,,,,"1",,,,,,,"FLORIDA","0","0","0","0","0","0","0","0","0","0","0","0","0","0","0","0","0","0","0","0","0",119341
"G8279120","1980","S","3","5","Florida","12",,,,,,,,,,,"Tampa, FL","8279",,,,,"1",,,,,,,"FLORIDA","0","0","0","0","0","0","0","0","0","0","0","0","0","0","0","0","0","0","0","0","0",520912
"G8300250","1980","S","1","1","Massachusetts","25",,,,,,,,,,,"Taunton, MA","8300",,,,,"0",,,,,,,"MASSACHUSETTS","0","0","0","0","0","0","0","0","0","0","0","0","0","0","0","0","0","0","0","0","0",52334
"G8312480","1980","S","3","7","Texas","48",,,,,,,,,,,"Temple, TX","8312",,,,,"0",,,,,,,"TEXAS","0","0","0","0","0","0","0","0","0","0","0","0","0","0","0","0","0","0","0","0","0",53191
"G8320180","1980","S","2","3","Indiana","18",,,,,,,,,,,"Terre Haute, IN","8320",,,,,"1",,,,,,,"INDIANA","0","0","0","0","0","0","0","0","0","0","0","0","0","0","0","0","0","0","0","0","0",74736
"G8359050","1980","S","3","7","Arkansas","05",,,,,,,,,,,"Texarkana, TX--AR","8359",,,,,"0",,,,,,,"ARKANSAS","0","0","0","0","0","0","0","0","0","0","0","0","0","0","0","0","0","0","0","0","0",22220
"G8359480","1980","S","3","7","Texas","48",,,,,,,,,,,"Texarkana, TX--AR","8359",,,,,"0",,,,,,,"TEXAS","0","0","0","0","0","0","0","0","0","0","0","0","0","0","0","0","0","0","0","0","0",41254
"G8382480","1980","S","3","7","Texas","48",,,,,,,,,,,"Texas City--La Marque, TX","8382",,,,,"0",,,,,,,"TEXAS","0","0","0","0","0","0","0","0","0","0","0","0","0","0","0","0","0","0","0","0","0",109193
"G8400260","1980","S","2","3","Michigan","26",,,,,,,,,,,"Toledo, OH--MI","8400",,,,,"1",,,,,,,"MICHIGAN","0","0","0","1","0","0","0","0","0","0","0","1","1","0","0","0","0","0","0","0","0",14129
"G8400390","1980","S","2","3","Ohio","39",,,,,,,,,,,"Toledo, OH--MI","8400",,,,,"1",,,,,,,"OHIO","0","0","0","0","0","0","0","0","0","0","0","0","0","0","0","0","0","0","0","0","0",471311
"G8440200","1980","S","2","4","Kansas","20",,,,,,,,,,,"Topeka, KS","8440",,,,,"1",,,,,,,"KANSAS","0","0","0","0","0","0","0","0","0","0","0","0","0","0","0","0","0","0","0","0","0",125936
"G8481340","1980","S","1","2","New Jersey","34",,,,,,,,,,,"Trenton, NJ--PA","8481",,,,,"1",,,,,,,"NEW JERSEY","0","0","0","0","0","0","0","0","0","0","0","0","0","0","0","0","0","0","0","0","0",244082
"G8481420","1980","S","1","2","Pennsylvania","42",,,,,,,,,,,"Trenton, NJ--PA","8481",,,,,"1",,,,,,,"PENNSYLVANIA","0","0","0","0","0","0","0","0","0","0","0","0","0","0","0","0","0","0","0","0","0",16669
"G8520040","1980","S","4","8","Arizona","04",,,,,,,,,,,"Tucson, AZ","8520",,,,,"1",,,,,,,"ARIZONA","0","0","0","0","0","0","0","0","0","0","0","0","0","0","0","0","0","0","0","0","0",450059
"G8560400","1980","S","3","7","Oklahoma","40",,,,,,,,,,,"Tulsa, OK","8560",,,,,"1",,,,,,,"OKLAHOMA","0","0","0","0","0","0","0","0","0","0","0","0","0","0","0","0","0","0","0","0","0",443350
"G8600010","1980","S","3","6","Alabama","01",,,,,,,,,,,"Tuscaloosa, AL","8600",,,,,"1",,,,,,,"ALABAMA","0","0","0","0","0","0","0","0","0","0","0","0","0","0","0","0","0","0","0","0","0",99554
"G8640480","1980","S","3","7","Texas","48",,,,,,,,,,,"Tyler, TX","8640",,,,,"1",,,,,,,"TEXAS","0","0","0","0","0","0","0","0","0","0","0","0","0","0","0","0","0","0","0","0","0",72927
"G8680360","1980","S","1","2","New York","36",,,,,,,,,,,"Utica--Rome, NY","8680",,,,,"1",,,,,,,"NEW YORK","0","0","0","0","0","0","0","0","0","0","0","0","0","0","0","0","0","0","0","0","0",155238
"G8750480","1980","S","3","7","Texas","48",,,,,,,,,,,"Victoria, TX","8750",,,,,"1",,,,,,,"TEXAS","0","0","0","0","0","0","0","0","0","0","0","0","0","0","0","0","0","0","0","0","0",50725
"G8759340","1980","S","1","2","New Jersey","34",,,,,,,,,,,"Vineland--Millville, NJ","8759",,,,,"1",,,,,,,"NEW JERSEY","0","0","0","0","0","0","0","0","0","0","0","0","0","0","0","0","0","0","0","0","0",88822
"G8779060","1980","S","4","9","California","06",,,,,,,,,,,"Visalia, CA","8779",,,,,"0",,,,,,,"CALIFORNIA","0","0","0","0","0","0","0","0","0","0","0","0","0","0","0","0","0","0","0","0","1",58957
"G8800480","1980","S","3","7","Texas","48",,,,,,,,,,,"Waco, TX","8800",,,,,"1",,,,,,,"TEXAS","0","0","0","0","0","0","0","0","0","0","0","0","0","0","0","0","0","0","0","0","0",134491
"G8832130","1980","S","3","5","Georgia","13",,,,,,,,,,,"Warner Robins, GA","8832",,,,,"0",,,,,,,"GEORGIA","0","0","0","0","0","0","0","0","0","0","0","0","0","0","0","0","0","0","0","0","0",54923
"G8840110","1980","S","3","5","District Of Columbia","11",,,,,,,,,,,"Washington, DC--MD--VA","8840",,,,,"1",,,,,,,"DISTRICT OF COLUMBIA","0","0","0","0","0","0","0","0","0","0","0","0","0","0","0","0","0","0","0","0","0",638333
"G8840240","1980","S","3","5","Maryland","24",,,,,,,,,,,"Washington, DC--MD--VA","8840",,,,,"1",,,,,,,"MARYLAND","0","0","0","0","0","0","0","0","0","0","0","0","0","0","0","0","0","0","0","0","0",1188380
"G8840510","1980","S","3","5","Virginia","51",,,,,,,,,,,"Washington, DC--MD--VA","8840",,,,,"1",,,,,,,"VIRGINIA","0","0","0","0","0","0","0","0","0","0","0","0","0","0","0","0","0","0","0","0","0",936392
"G8880090","1980","S","1","1","Connecticut","09",,,,,,,,,,,"Waterbury, CT","8880",,,,,"1",,,,,,,"CONNECTICUT","0","0","0","0","0","0","0","0","0","0","0","0","0","0","0","0","0","0","0","0","0",160249
"G8919190","1980","S","2","4","Iowa","19",,,,,,,,,,,"Waterloo, IA","8919",,,,,"1",,,,,,,"IOWA","0","0","0","0","0","0","0","0","0","0","0","0","0","0","0","0","0","0","0","0","0",120290
"G8940550","1980","S","2","3","Wisconsin","55",,,,,,,,,,,"Wausau, WI","8940",,,,,"0",,,,,,,"WISCONSIN","0","0","0","0","0","0","0","1","0","0","0","0","0","0","0","0","0","0","0","0","1",52990
"G8959120","1980","S","3","5","Florida","12",,,,,,,,,,,"West Palm Beach, FL","8959",,,,,"1",,,,,,,"FLORIDA","0","0","0","0","0","0","0","0","0","0","0","0","0","0","0","0","0","0","0","0","0",487044
"G9000390","1980","S","2","3","Ohio","39",,,,,,,,,,,"Wheeling, WV--OH","9000",,,,,"0",,,,,,,"OHIO","0","0","0","1","0","0","0","1","0","0","0","0","0","0","0","0","0","0","0","0","1",29454
"G9000540","1980","S","3","5","West Virginia","54",,,,,,,,,,,"Wheeling, WV--OH","9000",,,,,"0",,,,,,,"WEST VIRGINIA","0","0","0","0","0","0","0","0","0","0","0","0","0","0","0","0","0","0","0","0","0",71595
"G9040200","1980","S","2","4","Kansas","20",,,,,,,,,,,"Wichita, KS","9040",,,,,"1",,,,,,,"KANSAS","0","0","0","0","0","0","0","0","0","0","0","0","0","0","0","0","0","0","0","0","0",305752
"G9080480","1980","S","3","7","Texas","48",,,,,,,,,,,"Wichita Falls, TX","9080",,,,,"1",,,,,,,"TEXAS","0","0","0","0","0","0","0","0","0","0","0","0","0","0","0","0","0","0","0","0","0",94716
"G9140420","1980","S","1","2","Pennsylvania","42",,,,,,,,,,,"Williamsport, PA","9140",,,,,"0",,,,,,,"PENNSYLVANIA","0","0","0","0","0","0","0","1","0","0","0","0","0","0","0","0","0","0","0","0","1",58650
"G9160100","1980","S","3","5","Delaware","10",,,,,,,,,,,"Wilmington, DE--NJ--MD","9160",,,,,"1",,,,,,,"DELAWARE","0","0","0","0","0","0","0","0","0","0","0","0","0","0","0","0","0","0","0","0","0",367562
"G9160240","1980","S","3","5","Maryland","24",,,,,,,,,,,"Wilmington, DE--NJ--MD","9160",,,,,"1",,,,,,,"MARYLAND","0","0","0","0","0","0","0","0","0","0","0","0","0","0","0","0","0","0","0","0","0",11971
"G9160340","1980","S","1","2","New Jersey","34",,,,,,,,,,,"Wilmington, DE--NJ--MD","9160",,,,,"1",,,,,,,"NEW JERSEY","0","0","0","0","0","0","0","0","0","0","0","0","0","0","0","0","0","0","0","0","0",26579
"G9200370","1980","S","3","5","North Carolina","37",,,,,,,,,,,"Wilmington, NC","9200",,,,,"0",,,,,,,"NORTH CAROLINA","0","0","0","0","0","0","0","0","0","0","0","0","0","0","0","0","0","0","0","0","0",88763
"G9220370","1980","S","3","5","North Carolina","37",,,,,,,,,,,"Winston--Salem, NC","9220",,,,,"1",,,,,,,"NORTH CAROLINA","0","0","0","0","0","0","0","0","0","0","0","0","0","0","0","0","0","0","0","0","0",171530
"G9227120","1980","S","3","5","Florida","12",,,,,,,,,,,"Winter Haven, FL","9227",,,,,"0",,,,,,,"FLORIDA","0","0","0","0","0","0","0","0","0","0","0","0","0","0","0","0","0","0","0","0","0",72560
"G9240250","1980","S","1","1","Massachusetts","25",,,,,,,,,,,"Worcester, MA","9240",,,,,"1",,,,,,,"MASSACHUSETTS","0","0","0","0","0","0","0","0","0","0","0","0","0","0","0","0","0","0","0","0","0",276022
"G9260530","1980","S","4","9","Washington","53",,,,,,,,,,,"Yakima, WA","9260",,,,,"0",,,,,,,"WASHINGTON","0","0","0","0","0","0","0","0","0","0","0","0","0","0","0","0","0","0","0","0","0",81085
"G9280420","1980","S","1","2","Pennsylvania","42",,,,,,,,,,,"York, PA","9280",,,,,"0",,,,,,,"PENNSYLVANIA","0","0","0","0","0","0","0","0","0","0","0","0","0","0","0","0","0","0","0","0","0",129336
"G9320390","1980","S","2","3","Ohio","39",,,,,,,,,,,"Youngstown--Warren, OH","9320",,,,,"1",,,,,,,"OHIO","0","0","0","0","0","0","0","0","0","0","0","0","0","0","0","0","0","0","0","0","0",383398
"G9340060","1980","S","4","9","California","06",,,,,,,,,,,"Yuba City, CA","9340",,,,,"0",,,,,,,"CALIFORNIA","0","0","0","0","0","0","0","0","0","0","0","0","0","0","0","0","0","0","0","0","0",61107
"G9361040","1980","S","4","8","Arizona","04",,,,,,,,,,,"Yuma, AZ--CA","9361",,,,,"0",,,,,,,"ARIZONA","0","0","0","0","0","0","0","0","0","0","0","0","0","0","0","0","0","0","0","0","0",54247
"G9361060","1980","S","4","9","California","06",,,,,,,,,,,"Yuma, AZ--CA","9361",,,,,"0",,,,,,,"CALIFORNIA","0","0","0","0","0","0","0","0","0","0","0","0","0","0","0","0","0","0","0","0","0",410
