GISJOIN,YEAR,FSTATUS,REGIONA,DIVISIONA,STATEA,SMSAA,COUNTYA,CTY_SUBA,PLACEA,TRACTA,BLCK_GRPA,BLOCKA,EDINDA,ENUMDISTA,SCSAA,URB_AREA,URB_AREAA,CDA,AIANHHA,MCDSEQNO,SEA,UATYPE,PLACDESC,CBD,INDSUBR,LONGITUD,LATITUDE,LANDAREA,AREANAME,SUPFLG01,SUPFLG02,SUPFLG03,SUPFLG04,SUPFLG05,SUPFLG06,SUPFLG07,SUPFLG08,SUPFLG09,SUPFLG10,SUPFLG11,SUPFLG12,SUPFLG13,SUPFLG14,SUPFLG15,SUPFLG16,SUPFLG17,SUPFLG18,SUPFLG19,SUPFLG20,SUPFLG21,C7L001
"G0040","1980","S",,,,,,,,,,,,,,"Abilene, TX","0040",,,,,"1",,,,,,,"ABILENE, TEX.","0","0","0","0","0","0","0","0","0","0","0","0","0","0","0","0","0","0","0","0","0",99763
"G0080","1980","S",,,,,,,,,,,,,,"Akron, OH","0080",,,,,"1",,,,,,,"AKRON, OHIO","0","0","0","0","0","0","0","0","0","0","0","0","0","0","0","0","0","0","0","0","0",515720
"G0120","1980","S",,,,,,,,,,,,,,"Albany, GA","0120",,,,,"1",,,,,,,"ALBANY, GA.","0","0","0","0","0","0","0","0","0","0","0","0","0","0","0","0","0","0","0","0","0",88716
"G0160","1980","S",,,,,,,,,,,,,,"Albany--Schenectady--Troy, NY","0160",,,,,"1",,,,,,,"ALBANY-SCHENECTADY-TROY, N.Y.","0","0","0","0","0","0","0","0","0","0","0","0","0","0","0","0","0","0","0","0","0",490015
"G0200","1980","S",,,,,,,,,,,,,,"Albuquerque, NM","0200",,,,,"1",,,,,,,"ALBUQUERQUE, N. MEX.","0","0","0","0","0","0","0","0","0","0","0","0","0","0","0","0","0","0","0","0","0",418206
"G0220","1980","S",,,,,,,,,,,,,,"Alexandria, LA","0220",,,,,"1",,,,,,,"ALEXANDRIA, LA.","0","0","0","0","0","0","0","0","0","0","0","0","0","0","0","0","0","0","0","0","0",92742
"G0240","1980","S",,,,,,,,,,,,,,"Allentown--Bethlehem--Easton, PA--NJ","0240",,,,,"1",,,,,,,"ALLENTOWN-BETHLEHEM-EASTON, PA.-N.J.","0","0","0","0","0","0","0","0","0","0","0","0","0","0","0","0","0","0","0","0","0",381734
"G0272","1980","S",,,,,,,,,,,,,,"Alton, IL","0272",,,,,"0",,,,,,,"ALTON, ILL.","0","0","0","0","0","0","0","0","0","0","0","0","0","0","0","0","0","0","0","0","0",88994
"G0280","1980","S",,,,,,,,,,,,,,"Altoona, PA","0280",,,,,"1",,,,,,,"ALTOONA, PA.","0","0","0","0","0","0","0","1","0","0","0","0","0","0","0","0","0","0","0","0","1",78802
"G0320","1980","S",,,,,,,,,,,,,,"Amarillo, TX","0320",,,,,"1",,,,,,,"AMARILLO, TEX.","0","0","0","0","0","0","0","0","0","0","0","0","0","0","0","0","0","0","0","0","0",149230
"G0380","1980","S",,,,,,,,,,,,,,"Anchorage, AK","0380",,,,,"1",,,,,,,"ANCHORAGE, ALASKA","0","0","0","0","0","0","0","0","0","0","0","0","0","0","0","0","0","0","0","0","0",170247
"G0400","1980","S",,,,,,,,,,,,,,"Anderson, IN","0400",,,,,"1",,,,,,,"ANDERSON, IND.","0","0","0","0","0","0","0","0","0","0","0","0","0","0","0","0","0","0","0","0","0",78581
"G0405","1980","S",,,,,,,,,,,,,,"Anderson, SC","0405",,,,,"0",,,,,,,"ANDERSON, S.C.","0","0","0","0","0","0","0","0","0","0","0","0","0","0","0","0","0","0","0","0","0",51014
"G0422","1980","S",,,,,,,,,,,,,,"Annapolis, MD","0422",,,,,"0",,,,,,,"ANNAPOLIS, MD.","0","0","0","0","0","0","0","0","0","0","0","0","0","0","0","0","0","0","0","0","0",64447
"G0440","1980","S",,,,,,,,,,,,,,"Ann Arbor, MI","0440",,,,,"1",,,,,,,"ANN ARBOR, MICH.","0","0","0","0","0","0","0","0","0","0","0","0","0","0","0","0","0","0","0","0","0",208782
"G0450","1980","S",,,,,,,,,,,,,,"Anniston, AL","0450",,,,,"0",,,,,,,"ANNISTON, ALA.","0","0","0","0","0","0","0","0","0","0","0","0","0","0","0","0","0","0","0","0","0",75614
"G0457","1980","S",,,,,,,,,,,,,,"Antioch--Pittsburg, CA","0457",,,,,"0",,,,,,,"ANTIOCH-PITTSBURG, CALIF.","0","0","0","0","0","0","0","0","0","0","0","0","0","0","0","0","0","0","0","0","0",86435
"G0459","1980","S",,,,,,,,,,,,,,"Appleton, WI","0459",,,,,"1",,,,,,,"APPLETON, WIS.","0","0","0","0","0","0","0","0","0","0","0","0","0","0","0","0","0","0","0","0","0",142151
"G0480","1980","S",,,,,,,,,,,,,,"Asheville, NC","0480",,,,,"1",,,,,,,"ASHEVILLE, N.C.","0","0","0","0","0","0","0","0","0","0","0","0","0","0","0","0","0","0","0","0","0",102400
"G0500","1980","S",,,,,,,,,,,,,,"Athens, GA","0500",,,,,"0",,,,,,,"ATHENS, GA.","0","0","0","0","0","0","0","0","0","0","0","0","0","0","0","0","0","0","0","0","0",62896
"G0520","1980","S",,,,,,,,,,,,,,"Atlanta, GA","0520",,,,,"1",,,,,,,"ATLANTA, GA.","0","0","0","0","0","0","0","0","0","0","0","0","0","0","0","0","0","0","0","0","0",1613357
"G0560","1980","S",,,,,,,,,,,,,,"Atlantic City, NJ","0560",,,,,"0",,,,,,,"ATLANTIC CITY, N.J.","0","0","0","0","0","0","0","0","0","0","0","0","0","0","0","0","0","0","0","0","0",146034
"G0580","1980","S",,,,,,,,,,,,,,"Auburn--Opelika, AL","0580",,,,,"0",,,,,,,"AUBURN-OPELIKA, ALA.","0","0","0","0","0","0","0","0","0","0","0","0","0","0","0","0","0","0","0","0","0",51823
"G0600","1980","S",,,,,,,,,,,,,,"Augusta, GA--SC","0600",,,,,"0",,,,,,,"AUGUSTA, GA.-S.C.","0","0","0","0","0","0","0","0","0","0","0","0","0","0","0","0","0","0","0","0","0",251250
"G0622","1980","S",,,,,,,,,,,,,,"Aurora, IL","0622",,,,,"1",,,,,,,"AURORA, ILL.","0","0","0","0","0","0","0","0","0","0","0","0","0","0","0","0","0","0","0","0","0",158911
"G0640","1980","S",,,,,,,,,,,,,,"Austin, TX","0640",,,,,"1",,,,,,,"AUSTIN, TEX.","0","0","0","0","0","0","0","0","0","0","0","0","0","0","0","0","0","0","0","0","0",379560
"G0680","1980","S",,,,,,,,,,,,,,"Bakersfield, CA","0680",,,,,"1",,,,,,,"BAKERSFIELD, CALIF.","0","0","0","0","0","0","0","0","0","0","0","0","0","0","0","0","0","0","0","0","0",222236
"G0720","1980","S",,,,,,,,,,,,,,"Baltimore, MD","0720",,,,,"1",,,,,,,"BALTIMORE, MD.","0","0","0","0","0","0","0","0","0","0","0","0","0","0","0","0","0","0","0","0","0",1755477
"G0730","1980","S",,,,,,,,,,,,,,"Bangor, ME","0730",,,,,"0",,,,,,,"BANGOR, MAINE","0","0","0","0","0","0","0","1","0","0","0","0","0","0","0","0","0","0","0","0","0",60003
"G0760","1980","S",,,,,,,,,,,,,,"Baton Rouge, LA","0760",,,,,"1",,,,,,,"BATON ROUGE, LA.","0","0","0","0","0","0","0","0","0","0","0","0","0","0","0","0","0","0","0","0","0",350657
"G0780","1980","S",,,,,,,,,,,,,,"Battle Creek, MI","0780",,,,,"0",,,,,,,"BATTLE CREEK, MICH.","0","0","0","0","0","0","0","0","0","0","0","0","0","0","0","0","0","0","0","0","0",77789
"G0800","1980","S",,,,,,,,,,,,,,"Bay City, MI","0800",,,,,"0",,,,,,,"BAY CITY, MICH.","0","0","0","0","0","0","0","1","0","0","0","0","0","0","0","0","0","0","0","0","0",77678
"G0839","1980","S",,,,,,,,,,,,,,"Beaumont, TX","0839",,,,,"1",,,,,,,"BEAUMONT, TEX.","0","0","0","0","0","0","0","0","0","0","0","0","0","0","0","0","0","0","0","0","0",123729
"G0860","1980","S",,,,,,,,,,,,,,"Bellingham, WA","0860",,,,,"0",,,,,,,"BELLINGHAM, WASH.","0","0","0","0","0","0","0","1","0","0","0","0","0","0","0","0","0","0","0","0","1",51025
"G0867","1980","S",,,,,,,,,,,,,,"Beloit, WI--IL","0867",,,,,"0",,,,,,,"BELOIT, WIS.-ILL.","0","0","0","0","0","0","0","0","0","0","0","0","0","0","0","0","0","0","0","0","0",50834
"G0870","1980","S",,,,,,,,,,,,,,"Benton Harbor, MI","0870",,,,,"0",,,,,,,"BENTON HARBOR, MICH.","0","0","0","0","0","0","0","0","0","0","0","0","0","0","0","0","0","0","0","0","0",60639
"G0880","1980","S",,,,,,,,,,,,,,"Billings, MT","0880",,,,,"1",,,,,,,"BILLINGS, MONT.","0","0","0","0","0","0","0","0","0","0","0","0","0","0","0","0","0","0","0","0","0",84328
"G0920","1980","S",,,,,,,,,,,,,,"Biloxi--Gulfport, MS","0920",,,,,"0",,,,,,,"BILOXI-GULFPORT, MISS.","0","0","0","0","0","0","0","0","0","0","0","0","0","0","0","0","0","0","0","0","0",179280
"G0959","1980","S",,,,,,,,,,,,,,"Binghamton, NY","0959",,,,,"1",,,,,,,"BINGHAMTON, N.Y.","0","0","0","0","0","0","0","0","0","0","0","0","0","0","0","0","0","0","0","0","0",161312
"G1000","1980","S",,,,,,,,,,,,,,"Birmingham, AL","1000",,,,,"1",,,,,,,"BIRMINGHAM, ALA.","0","0","0","0","0","0","0","0","0","0","0","0","0","0","0","0","0","0","0","0","0",606085
"G1011","1980","S",,,,,,,,,,,,,,"Bismarck--Mandan, ND","1011",,,,,"0",,,,,,,"BISMARCK-MANDAN, N. DAK.","0","0","0","0","0","0","0","1","0","0","0","0","0","0","0","0","0","0","0","0","0",61105
"G1020","1980","S",,,,,,,,,,,,,,"Bloomington, IN","1020",,,,,"1",,,,,,,"BLOOMINGTON, IND.","0","0","0","0","0","0","0","0","0","0","0","0","0","0","0","0","0","0","0","0","0",63513
"G1040","1980","S",,,,,,,,,,,,,,"Bloomington--Normal, IL","1040",,,,,"0",,,,,,,"BLOOMINGTON-NORMAL, ILL.","0","0","0","0","0","0","0","0","0","0","0","0","0","0","0","0","0","0","0","0","0",82397
"G1080","1980","S",,,,,,,,,,,,,,"Boise City, ID","1080",,,,,"1",,,,,,,"BOISE CITY, IDAHO","0","0","0","0","0","0","0","1","0","0","0","0","0","0","0","0","0","0","0","0","1",134848
"G1120","1980","S",,,,,,,,,,,,,,"Boston, MA","1120",,,,,"1",,,,,,,"BOSTON, MASS.","0","0","0","0","0","0","0","0","0","0","0","0","0","0","0","0","0","0","0","0","0",2678762
"G1125","1980","S",,,,,,,,,,,,,,"Boulder, CO","1125",,,,,"1",,,,,,,"BOULDER, COLO.","0","0","0","0","0","0","0","0","0","0","0","0","0","0","0","0","0","0","0","0","1",81239
"G1150","1980","S",,,,,,,,,,,,,,"Bremerton, WA","1150",,,,,"0",,,,,,,"BREMERTON, WASH.","0","0","0","0","0","0","0","0","0","0","0","0","0","0","0","0","0","0","0","0","0",64536
"G1160","1980","S",,,,,,,,,,,,,,"Bridgeport, CT","1160",,,,,"1",,,,,,,"BRIDGEPORT, CONN.","0","0","0","0","0","0","0","0","0","0","0","0","0","0","0","0","0","0","0","0","0",410998
"G1170","1980","S",,,,,,,,,,,,,,"Bristol, CT","1170",,,,,"1",,,,,,,"BRISTOL, CONN.","0","0","0","0","0","0","0","0","0","0","0","0","0","0","0","0","0","0","0","0","0",83601
"G1182","1980","S",,,,,,,,,,,,,,"Bristol, TN--Bristol, VA","1182",,,,,"0",,,,,,,"BRISTOL, TENN.-BRISTOL, VA.","0","0","0","0","0","0","0","1","0","0","0","0","0","0","0","0","0","0","0","0","0",53537
"G1200","1980","S",,,,,,,,,,,,,,"Brockton, MA","1200",,,,,"1",,,,,,,"BROCKTON, MASS.","0","0","0","0","0","0","0","0","0","0","0","0","0","0","0","0","0","0","0","0","0",177784
"G1239","1980","S",,,,,,,,,,,,,,"Brownsville, TX","1239",,,,,"1",,,,,,,"BROWNSVILLE, TEX.","0","0","0","0","0","0","0","0","0","0","0","0","0","0","0","0","0","0","0","0","0",91611
"G1260","1980","S",,,,,,,,,,,,,,"Bryan--College Station, TX","1260",,,,,"0",,,,,,,"BRYAN-COLLEGE STATION, TEX.","0","0","0","0","0","0","0","0","0","0","0","0","0","0","0","0","0","0","0","0","0",83036
"G1280","1980","S",,,,,,,,,,,,,,"Buffalo, NY","1280",,,,,"1",,,,,,,"BUFFALO, N.Y.","0","0","0","0","0","0","0","0","0","0","0","0","0","0","0","0","0","0","0","0","0",1002285
"G1300","1980","S",,,,,,,,,,,,,,"Burlington, NC","1300",,,,,"0",,,,,,,"BURLINGTON, N.C.","0","0","0","0","0","0","0","0","0","0","0","0","0","0","0","0","0","0","0","0","0",66580
"G1305","1980","S",,,,,,,,,,,,,,"Burlington, VT","1305",,,,,"0",,,,,,,"BURLINGTON, VT.","0","0","0","0","0","0","0","1","0","0","0","0","0","0","0","0","0","0","0","0","1",76528
"G1320","1980","S",,,,,,,,,,,,,,"Canton, OH","1320",,,,,"1",,,,,,,"CANTON, OHIO","0","0","0","0","0","0","0","0","0","0","0","0","0","0","0","0","0","0","0","0","0",244888
"G1350","1980","S",,,,,,,,,,,,,,"Casper, WY","1350",,,,,"1",,,,,,,"CASPER, WYO.","0","0","0","0","0","0","0","1","0","0","0","0","0","0","0","0","0","0","0","0","1",59287
"G1360","1980","S",,,,,,,,,,,,,,"Cedar Rapids, IA","1360",,,,,"1",,,,,,,"CEDAR RAPIDS, IOWA","0","0","0","0","0","0","0","0","0","0","0","0","0","0","0","0","0","0","0","0","0",135798
"G1399","1980","S",,,,,,,,,,,,,,"Champaign--Urbana, IL","1399",,,,,"1",,,,,,,"CHAMPAIGN-URBANA, ILL.","0","0","0","0","0","0","0","0","0","0","0","0","0","0","0","0","0","0","0","0","0",109278
"G1439","1980","S",,,,,,,,,,,,,,"Charleston, SC","1439",,,,,"1",,,,,,,"CHARLESTON, S.C.","0","0","0","0","0","0","0","0","0","0","0","0","0","0","0","0","0","0","0","0","0",328572
"G1480","1980","S",,,,,,,,,,,,,,"Charleston, WV","1480",,,,,"1",,,,,,,"CHARLESTON, W. VA.","0","0","0","0","0","0","0","0","0","0","0","0","0","0","0","0","0","0","0","0","0",153618
"G1519","1980","S",,,,,,,,,,,,,,"Charlotte, NC","1519",,,,,"1",,,,,,,"CHARLOTTE, N.C.","0","0","0","0","0","0","0","0","0","0","0","0","0","0","0","0","0","0","0","0","0",350715
"G1540","1980","S",,,,,,,,,,,,,,"Charlottesville, VA","1540",,,,,"0",,,,,,,"CHARLOTTESVILLE, VA.","0","0","0","0","0","0","0","0","0","0","0","0","0","0","0","0","0","0","0","0","0",59422
"G1560","1980","S",,,,,,,,,,,,,,"Chattanooga, TN--GA","1560",,,,,"1",,,,,,,"CHATTANOOGA, TENN.-GA.","0","0","0","0","0","0","0","0","0","0","0","0","0","0","0","0","0","0","0","0","0",301515
"G1580","1980","S",,,,,,,,,,,,,,"Cheyenne, WY","1580",,,,,"0",,,,,,,"CHEYENNE, WYO.","0","0","0","0","0","0","0","0","0","0","0","0","0","0","0","0","0","0","0","0","0",58429
"G1601","1980","S",,,,,,,,,,,,,,"Chicago, IL--Northwestern IN","1601",,,,,"1",,,,,,,"CHICAGO, ILL.-NORTHWESTERN INDIANA","0","0","0","0","0","0","0","0","0","0","0","0","0","0","0","0","0","0","0","0","0",6779799
"G1620","1980","S",,,,,,,,,,,,,,"Chico, CA","1620",,,,,"0",,,,,,,"CHICO, CALIF.","0","0","0","0","0","0","0","1","0","0","0","0","0","0","0","0","0","0","0","0","1",51914
"G1639","1980","S",,,,,,,,,,,,,,"Cincinnati, OH--KY","1639",,,,,"1",,,,,,,"CINCINNATI, OHIO-KY.","0","0","0","0","0","0","0","0","0","0","0","0","0","0","0","0","0","0","0","0","0",1123412
"G1659","1980","S",,,,,,,,,,,,,,"Clarksville, TN--KY","1659",,,,,"1",,,,,,,"CLARKSVILLE, TENN.-KY.","0","0","0","0","0","0","0","0","0","0","0","0","0","0","0","0","0","0","0","0","0",77535
"G1680","1980","S",,,,,,,,,,,,,,"Cleveland, OH","1680",,,,,"1",,,,,,,"CLEVELAND, OHIO","0","0","0","0","0","0","0","0","0","0","0","0","0","0","0","0","0","0","0","0","0",1752424
"G1720","1980","S",,,,,,,,,,,,,,"Colorado Springs, CO","1720",,,,,"1",,,,,,,"COLORADO SPRINGS, COLO.","0","0","0","0","0","0","0","0","0","0","0","0","0","0","0","0","0","0","0","0","0",276872
"G1740","1980","S",,,,,,,,,,,,,,"Columbia, MO","1740",,,,,"1",,,,,,,"COLUMBIA, MO.","0","0","0","0","0","0","0","0","0","0","0","0","0","0","0","0","0","0","0","0","0",65380
"G1760","1980","S",,,,,,,,,,,,,,"Columbia, SC","1760",,,,,"1",,,,,,,"COLUMBIA, S.C.","0","0","0","0","0","0","0","0","0","0","0","0","0","0","0","0","0","0","0","0","0",311561
"G1800","1980","S",,,,,,,,,,,,,,"Columbus, GA--AL","1800",,,,,"1",,,,,,,"COLUMBUS, GA.-ALA.","0","0","0","0","0","0","0","0","0","0","0","0","0","0","0","0","0","0","0","0","0",214591
"G1840","1980","S",,,,,,,,,,,,,,"Columbus, OH","1840",,,,,"1",,,,,,,"COLUMBUS, OHIO","0","0","0","0","0","0","0","0","0","0","0","0","0","0","0","0","0","0","0","0","0",833648
"G1860","1980","S",,,,,,,,,,,,,,"Concord, NC","1860",,,,,"0",,,,,,,"CONCORD, N.C.","0","0","0","0","0","0","0","0","0","0","0","0","0","0","0","0","0","0","0","0","0",71994
"G1880","1980","S",,,,,,,,,,,,,,"Corpus Christi, TX","1880",,,,,"1",,,,,,,"CORPUS CHRISTI, TEX.","0","0","0","0","0","0","0","0","0","0","0","0","0","0","0","0","0","0","0","0","0",245854
"G1900","1980","S",,,,,,,,,,,,,,"Cumberland, MD--WV","1900",,,,,"0",,,,,,,"CUMBERLAND, MD.-W. VA.","0","0","0","0","0","0","0","1","0","0","0","0","0","0","0","0","0","0","0","1","0",59331
"G1920","1980","S",,,,,,,,,,,,,,"Dallas--Fort Worth, TX","1920",,,,,"1",,,,,,,"DALLAS-FORT WORTH, TEX.","0","0","0","0","0","0","0","0","0","0","0","0","0","0","0","0","0","0","0","0","0",2451390
"G1931","1980","S",,,,,,,,,,,,,,"Danbury, CT--NY","1931",,,,,"1",,,,,,,"DANBURY, CONN.-N.Y.","0","0","0","0","0","0","0","0","0","0","0","0","0","0","0","0","0","0","0","0","0",95371
"G1940","1980","S",,,,,,,,,,,,,,"Danville, IL","1940",,,,,"0",,,,,,,"DANVILLE, ILL.","0","0","0","0","0","0","0","0","0","0","0","0","0","0","0","0","0","0","0","0","0",52243
"G1950","1980","S",,,,,,,,,,,,,,"Danville, VA","1950",,,,,"0",,,,,,,"DANVILLE, VA.","0","0","0","0","0","0","0","0","0","0","0","0","0","0","0","0","0","0","0","0","0",54815
"G1960","1980","S",,,,,,,,,,,,,,"Davenport--Rock Island--Moline, IA--IL","1960",,,,,"1",,,,,,,"DAVENPORT-ROCK ISLAND-MOLINE, IOWA-ILL.","0","0","0","0","0","0","0","0","0","0","0","0","0","0","0","0","0","0","0","0","0",285024
"G2000","1980","S",,,,,,,,,,,,,,"Dayton, OH","2000",,,,,"1",,,,,,,"DAYTON, OHIO","0","0","0","0","0","0","0","0","0","0","0","0","0","0","0","0","0","0","0","0","0",595059
"G2020","1980","S",,,,,,,,,,,,,,"Daytona Beach, FL","2020",,,,,"1",,,,,,,"DAYTONA BEACH, FLA.","0","0","0","0","0","0","0","0","0","0","0","0","0","0","0","0","0","0","0","0","0",170749
"G2030","1980","S",,,,,,,,,,,,,,"Decatur, AL","2030",,,,,"0",,,,,,,"DECATUR, ALA.","0","0","0","0","0","0","0","0","0","0","0","0","0","0","0","0","0","0","0","0","1",54710
"G2040","1980","S",,,,,,,,,,,,,,"Decatur, IL","2040",,,,,"1",,,,,,,"DECATUR, ILL.","0","0","0","0","0","0","0","0","0","0","0","0","0","0","0","0","0","0","0","0","0",107864
"G2079","1980","S",,,,,,,,,,,,,,"Denver, CO","2079",,,,,"1",,,,,,,"DENVER, COLO.","0","0","0","0","0","0","0","0","0","0","0","0","0","0","0","0","0","0","0","0","0",1352070
"G2120","1980","S",,,,,,,,,,,,,,"Des Moines, IA","2120",,,,,"1",,,,,,,"DES MOINES, IOWA","0","0","0","0","0","0","0","0","0","0","0","0","0","0","0","0","0","0","0","0","0",267192
"G2160","1980","S",,,,,,,,,,,,,,"Detroit, MI","2160",,,,,"1",,,,,,,"DETROIT, MICH.","0","0","0","0","0","0","0","0","0","0","0","0","0","0","0","0","0","0","0","0","0",3809327
"G2180","1980","S",,,,,,,,,,,,,,"Dothan, AL","2180",,,,,"0",,,,,,,"DOTHAN, ALA.","0","0","0","0","0","0","0","0","0","0","0","0","0","0","0","0","0","0","0","0","0",51976
"G2201","1980","S",,,,,,,,,,,,,,"Dubuque, IA--IL","2201",,,,,"1",,,,,,,"DUBUQUE, IOWA-ILL.","0","0","0","0","0","0","0","1","0","0","0","0","0","0","0","0","0","0","0","0","0",68149
"G2240","1980","S",,,,,,,,,,,,,,"Duluth--Superior, Mn--WI","2240",,,,,"1",,,,,,,"DULUTH-SUPERIOR, MINN.-WIS.","0","0","0","0","0","0","0","1","0","0","0","0","0","0","0","0","0","0","0","0","1",132585
"G2280","1980","S",,,,,,,,,,,,,,"Durham, NC","2280",,,,,"1",,,,,,,"DURHAM, N.C.","0","0","0","0","0","0","0","0","0","0","0","0","0","0","0","0","0","0","0","0","0",157287
"G2290","1980","S",,,,,,,,,,,,,,"Eau Claire, WI","2290",,,,,"1",,,,,,,"EAU CLAIRE, WIS.","0","0","0","0","0","0","0","1","0","0","0","0","0","0","0","0","0","0","0","0","1",72317
"G2297","1980","S",,,,,,,,,,,,,,"Elgin, IL","2297",,,,,"1",,,,,,,"ELGIN, ILL.","0","0","0","0","0","0","0","0","0","0","0","0","0","0","0","0","0","0","0","0","0",106593
"G2300","1980","S",,,,,,,,,,,,,,"Elkhart--Goshen, IN","2300",,,,,"0",,,,,,,"ELKHART-GOSHEN, IND.","0","0","0","0","0","0","0","0","0","0","0","0","0","0","0","0","0","0","0","0","0",83920
"G2310","1980","S",,,,,,,,,,,,,,"Elmira, NY","2310",,,,,"0",,,,,,,"ELMIRA, N.Y.","0","0","0","0","0","0","0","0","0","0","0","0","0","0","0","0","0","0","0","0","0",68227
"G2320","1980","S",,,,,,,,,,,,,,"El Paso, TX","2320",,,,,"1",,,,,,,"EL PASO, TEX.","0","0","0","0","0","0","0","0","0","0","0","0","0","0","0","0","0","0","0","0","0",454159
"G2340","1980","S",,,,,,,,,,,,,,"Enid, OK","2340",,,,,"1",,,,,,,"ENID, OKLA.","0","0","0","0","0","0","0","0","0","0","0","0","0","0","0","0","0","0","0","0","0",50601
"G2360","1980","S",,,,,,,,,,,,,,"Erie, PA","2360",,,,,"1",,,,,,,"ERIE, PA.","0","0","0","0","0","0","0","0","0","0","0","0","0","0","0","0","0","0","0","0","0",178338
"G2399","1980","S",,,,,,,,,,,,,,"Eugene, OR","2399",,,,,"1",,,,,,,"EUGENE, OREG.","0","0","0","0","0","0","0","0","0","0","0","0","0","0","0","0","0","0","0","0","0",182495
"G2440","1980","S",,,,,,,,,,,,,,"Evansville, IN--KY","2440",,,,,"1",,,,,,,"EVANSVILLE, IND.-KY.","0","0","0","0","0","0","0","0","0","0","0","0","0","0","0","0","0","0","0","0","0",180089
"G2472","1980","S",,,,,,,,,,,,,,"Fairfield, CA","2472",,,,,"1",,,,,,,"FAIRFIELD, CALIF.","0","0","0","0","0","0","0","0","0","0","0","0","0","0","0","0","0","0","0","0","0",69255
"G2480","1980","S",,,,,,,,,,,,,,"Fall River, MA--RI","2480",,,,,"1",,,,,,,"FALL RIVER, MASS.-R.I.","0","0","0","0","0","0","0","0","0","0","0","0","0","0","0","0","0","0","0","0","1",141510
"G2520","1980","S",,,,,,,,,,,,,,"Fargo--Moorhead, ND--MN","2520",,,,,"1",,,,,,,"FARGO-MOORHEAD, N.DAK.-MINN.","0","0","0","0","0","0","0","1","0","0","0","0","0","0","0","0","0","0","0","0","1",104643
"G2560","1980","S",,,,,,,,,,,,,,"Fayetteville, NC","2560",,,,,"1",,,,,,,"FAYETTEVILLE, N.C.","0","0","0","0","0","0","0","0","0","0","0","0","0","0","0","0","0","0","0","0","0",215839
"G2580","1980","S",,,,,,,,,,,,,,"Fayetteville--Springdale, AR","2580",,,,,"0",,,,,,,"FAYETTEVILLE-SPRINGDALE, ARK.","0","0","0","0","0","0","0","1","0","0","0","0","0","0","0","0","0","0","0","0","1",62703
"G2600","1980","S",,,,,,,,,,,,,,"Fitchburg--Leominster, MA","2600",,,,,"0",,,,,,,"FITCHBURG-LEOMINSTER, MASS.","0","0","0","0","0","0","0","0","0","0","0","0","0","0","0","0","0","0","0","0","0",76652
"G2640","1980","S",,,,,,,,,,,,,,"Flint, MI","2640",,,,,"1",,,,,,,"FLINT, MICH.","0","0","0","0","0","0","0","0","0","0","0","0","0","0","0","0","0","0","0","0","0",331931
"G2650","1980","S",,,,,,,,,,,,,,"Florence, AL","2650",,,,,"0",,,,,,,"FLORENCE, ALA.","0","0","0","0","0","0","0","0","0","0","0","0","0","0","0","0","0","0","0","0","0",72669
"G2655","1980","S",,,,,,,,,,,,,,"Florence, SC","2655",,,,,"0",,,,,,,"FLORENCE, S.C.","0","0","0","0","0","0","0","0","0","0","0","0","0","0","0","0","0","0","0","1","0",56240
"G2670","1980","S",,,,,,,,,,,,,,"Fort Collins, CO","2670",,,,,"1",,,,,,,"FORT COLLINS, COLO.","0","0","0","0","0","0","0","0","0","0","0","0","0","0","0","0","0","0","0","0","0",78287
"G2680","1980","S",,,,,,,,,,,,,,"Fort Lauderdale--Hollywood, FL","2680",,,,,"1",,,,,,,"FORT LAUDERDALE-HOLLYWOOD, FLA.","0","0","0","0","0","0","0","0","0","0","0","0","0","0","0","0","0","0","0","0","0",1008526
"G2699","1980","S",,,,,,,,,,,,,,"Fort Myers, FL","2699",,,,,"0",,,,,,,"FORT MYERS, FLA.","0","0","0","0","0","0","0","0","0","0","0","0","0","0","0","0","0","0","0","0","0",140958
"G2710","1980","S",,,,,,,,,,,,,,"Fort Pierce, FL","2710",,,,,"0",,,,,,,"FORT PIERCE, FLA.","0","0","0","0","0","0","0","0","0","0","0","0","0","0","0","0","0","0","0","0","0",70450
"G2720","1980","S",,,,,,,,,,,,,,"Fort Smith, AR--OK","2720",,,,,"1",,,,,,,"FORT SMITH, ARK.-OKLA.","0","0","0","0","0","0","0","0","0","0","0","0","0","0","0","0","0","0","0","0","0",90021
"G2750","1980","S",,,,,,,,,,,,,,"Fort Walton Beach, FL","2750",,,,,"0",,,,,,,"FORT WALTON BEACH, FLA.","0","0","0","0","0","0","0","0","0","0","0","0","0","0","0","0","0","0","0","0","0",85318
"G2760","1980","S",,,,,,,,,,,,,,"Fort Wayne, IN","2760",,,,,"1",,,,,,,"FORT WAYNE, IND.","0","0","0","0","0","0","0","0","0","0","0","0","0","0","0","0","0","0","0","0","0",236479
"G2840","1980","S",,,,,,,,,,,,,,"Fresno, CA","2840",,,,,"1",,,,,,,"FRESNO, CALIF.","0","0","0","0","0","0","0","0","0","0","0","0","0","0","0","0","0","0","0","0","0",331551
"G2880","1980","S",,,,,,,,,,,,,,"Gadsden, AL","2880",,,,,"0",,,,,,,"GADSDEN, ALA.","0","0","0","0","0","0","0","0","0","0","0","0","0","0","0","0","0","0","0","0","0",74730
"G2900","1980","S",,,,,,,,,,,,,,"Gainesville, FL","2900",,,,,"1",,,,,,,"GAINESVILLE, FLA.","0","0","0","0","0","0","0","0","0","0","0","0","0","0","0","0","0","0","0","0","0",103768
"G2919","1980","S",,,,,,,,,,,,,,"Galveston, TX","2919",,,,,"1",,,,,,,"GALVESTON, TEX.","0","0","0","0","0","0","0","0","0","0","0","0","0","0","0","0","0","0","0","0","0",61382
"G2970","1980","S",,,,,,,,,,,,,,"Gastonia, NC","2970",,,,,"0",,,,,,,"GASTONIA, N.C.","0","0","0","0","0","0","0","0","0","0","0","0","0","0","0","0","0","0","0","0","0",106884
"G2975","1980","S",,,,,,,,,,,,,,"Glens Falls, NY","2975",,,,,"0",,,,,,,"GLENS FALLS, N.Y.","0","0","0","0","0","0","0","1","0","0","0","0","0","0","0","0","0","0","0","0","1",51382
"G2980","1980","S",,,,,,,,,,,,,,"Goldsboro, NC","2980",,,,,"0",,,,,,,"GOLDSBORO, N.C.","0","0","0","0","0","0","0","0","0","0","0","0","0","0","0","0","0","0","0","0","0",57670
"G2985","1980","S",,,,,,,,,,,,,,"Grand Forks, ND--MN","2985",,,,,"0",,,,,,,"GRAND FORKS, N. DAK.-MINN.","0","0","0","0","0","0","0","1","0","0","0","0","0","0","0","0","0","0","0","0","1",52310
"G2995","1980","S",,,,,,,,,,,,,,"Grand Junction, CO","2995",,,,,"0",,,,,,,"GRAND JUNCTION, COLO.","0","0","0","0","0","0","0","1","0","0","0","0","0","0","0","0","0","0","0","0","1",56854
"G3000","1980","S",,,,,,,,,,,,,,"Grand Rapids, MI","3000",,,,,"1",,,,,,,"GRAND RAPIDS, MICH.","0","0","0","0","0","0","0","0","0","0","0","0","0","0","0","0","0","0","0","0","0",374744
"G3040","1980","S",,,,,,,,,,,,,,"Great Falls, MT","3040",,,,,"1",,,,,,,"GREAT FALLS, MONT.","0","0","0","0","0","0","0","0","0","0","0","0","0","0","0","0","0","0","0","0","0",66256
"G3060","1980","S",,,,,,,,,,,,,,"Greeley, CO","3060",,,,,"1",,,,,,,"GREELEY, COLO.","0","0","0","0","0","0","0","0","0","0","0","0","0","0","0","0","0","0","0","0","1",62297
"G3080","1980","S",,,,,,,,,,,,,,"Green Bay, WI","3080",,,,,"1",,,,,,,"GREEN BAY, WIS.","0","0","0","0","0","0","0","1","0","0","0","0","0","0","0","0","0","0","0","0","1",142747
"G3119","1980","S",,,,,,,,,,,,,,"Greensboro, NC","3119",,,,,"1",,,,,,,"GREENSBORO, N.C.","0","0","0","0","0","0","0","0","0","0","0","0","0","0","0","0","0","0","0","0","0",170457
"G3159","1980","S",,,,,,,,,,,,,,"Greenville, SC","3159",,,,,"1",,,,,,,"GREENVILLE, S.C.","0","0","0","0","0","0","0","0","0","0","0","0","0","0","0","0","0","0","0","0","0",229303
"G3181","1980","S",,,,,,,,,,,,,,"Hagerstown, MD--PA","3181",,,,,"0",,,,,,,"HAGERSTOWN, MD.-PA.","0","0","0","0","0","0","0","0","0","0","0","0","0","0","0","0","0","0","0","0","0",66277
"G3199","1980","S",,,,,,,,,,,,,,"Hamilton, OH","3199",,,,,"1",,,,,,,"HAMILTON, OHIO","0","0","0","0","0","0","0","0","0","0","0","0","0","0","0","0","0","0","0","0","0",105026
"G3232","1980","S",,,,,,,,,,,,,,"Harlingen--San Benito, TX","3232",,,,,"0",,,,,,,"HARLINGEN-SAN BENITO, TEX.","0","0","0","0","0","0","0","0","0","0","0","0","0","0","0","0","0","0","0","0","0",66702
"G3240","1980","S",,,,,,,,,,,,,,"Harrisburg, PA","3240",,,,,"1",,,,,,,"HARRISBURG, PA.","0","0","0","0","0","0","0","0","0","0","0","0","0","0","0","0","0","0","0","0","0",278296
"G3280","1980","S",,,,,,,,,,,,,,"Hartford, CT","3280",,,,,"1",,,,,,,"HARTFORD, CONN.","0","0","0","0","0","0","0","0","0","0","0","0","0","0","0","0","0","0","0","0","0",510034
"G3285","1980","S",,,,,,,,,,,,,,"Hattiesburg, MS","3285",,,,,"0",,,,,,,"HATTIESBURG, MISS.","0","0","0","0","0","0","0","0","0","0","0","0","0","0","0","0","0","0","0","0","0",56542
"G3288","1980","S",,,,,,,,,,,,,,"Hemet, CA","3288",,,,,"0",,,,,,,"HEMET, CALIF.","0","0","0","0","0","0","0","1","0","0","0","0","0","0","0","0","0","0","0","0","1",55377
"G3290","1980","S",,,,,,,,,,,,,,"Hickory, NC","3290",,,,,"0",,,,,,,"HICKORY, N.C.","0","0","0","0","0","0","0","0","0","0","0","0","0","0","0","0","0","0","0","0","0",62329
"G3303","1980","S",,,,,,,,,,,,,,"High Point, NC","3303",,,,,"1",,,,,,,"HIGH POINT, N.C.","0","0","0","0","0","0","0","0","0","0","0","0","0","0","0","0","0","0","0","0","0",100089
"G3320","1980","S",,,,,,,,,,,,,,"Honolulu, HI","3320",,,,,"1",,,,,,,"HONOLULU, HAWAII","0","0","0","0","0","0","0","0","0","0","0","0","0","0","0","0","0","0","0","0","0",582463
"G3350","1980","S",,,,,,,,,,,,,,"Houma, LA","3350",,,,,"0",,,,,,,"HOUMA, LA.","0","0","0","0","0","0","0","0","0","0","0","0","0","0","0","0","0","0","0","0","0",65780
"G3360","1980","S",,,,,,,,,,,,,,"Houston, TX","3360",,,,,"1",,,,,,,"HOUSTON, TEX.","0","0","0","0","0","0","0","0","0","0","0","0","0","0","0","0","0","0","0","0","0",2412664
"G3400","1980","S",,,,,,,,,,,,,,"Huntington--Ashland, WV--KY--OH","3400",,,,,"1",,,,,,,"HUNTINGTON-ASHLAND, W. VA.-KY.-OHIO","0","0","0","0","0","0","0","0","0","0","0","0","0","0","0","0","0","0","0","0","0",179840
"G3440","1980","S",,,,,,,,,,,,,,"Huntsville, AL","3440",,,,,"1",,,,,,,"HUNTSVILLE, ALA.","0","0","0","0","0","0","0","0","0","0","0","0","0","0","0","0","0","0","0","0","0",153841
"G3480","1980","S",,,,,,,,,,,,,,"Indianapolis, IN","3480",,,,,"1",,,,,,,"INDIANAPOLIS, IND.","0","0","0","0","0","0","0","0","0","0","0","0","0","0","0","0","0","0","0","0","0",836472
"G3500","1980","S",,,,,,,,,,,,,,"Iowa City, IA","3500",,,,,"1",,,,,,,"IOWA CITY, IOWA","0","0","0","0","0","0","0","1","0","0","0","0","0","0","0","0","0","0","0","0","0",59295
"G3520","1980","S",,,,,,,,,,,,,,"Jackson, MI","3520",,,,,"0",,,,,,,"JACKSON, MICH.","0","0","0","0","0","0","0","0","0","0","0","0","0","0","0","0","0","0","0","0","0",81178
"G3560","1980","S",,,,,,,,,,,,,,"Jackson, MS","3560",,,,,"1",,,,,,,"JACKSON, MISS.","0","0","0","0","0","0","0","0","0","0","0","0","0","0","0","0","0","0","0","0","0",265051
"G3580","1980","S",,,,,,,,,,,,,,"Jackson, TN","3580",,,,,"0",,,,,,,"JACKSON, TENN.","0","0","0","0","0","0","0","0","0","0","0","0","0","0","0","0","0","0","0","0","0",50338
"G3600","1980","S",,,,,,,,,,,,,,"Jacksonville, FL","3600",,,,,"1",,,,,,,"JACKSONVILLE, FLA.","0","0","0","0","0","0","0","0","0","0","0","0","0","0","0","0","0","0","0","0","0",598015
"G3605","1980","S",,,,,,,,,,,,,,"Jacksonville, NC","3605",,,,,"0",,,,,,,"JACKSONVILLE, N.C.","0","0","0","0","0","0","0","0","0","0","0","0","0","0","0","0","0","0","0","0","0",72891
"G3619","1980","S",,,,,,,,,,,,,,"Janesville, WI","3619",,,,,"1",,,,,,,"JANESVILLE, WIS.","0","0","0","0","0","0","0","1","0","0","0","0","0","0","0","0","0","0","0","0","1",51643
"G3659","1980","S",,,,,,,,,,,,,,"Johnson City, TN","3659",,,,,"0",,,,,,,"JOHNSON CITY, TENN.","0","0","0","0","0","0","0","0","0","0","0","0","0","0","0","0","0","0","0","0","0",78473
"G3680","1980","S",,,,,,,,,,,,,,"Johnstown, PA","3680",,,,,"0",,,,,,,"JOHNSTOWN, PA.","0","0","0","0","0","0","0","0","0","0","0","0","0","0","0","0","0","0","0","0","0",90254
"G3697","1980","S",,,,,,,,,,,,,,"Joliet, IL","3697",,,,,"1",,,,,,,"JOLIET, ILL.","0","0","0","0","0","0","0","0","0","0","0","0","0","0","0","0","0","0","0","0","0",167475
"G3710","1980","S",,,,,,,,,,,,,,"Joplin, MO","3710",,,,,"0",,,,,,,"JOPLIN, MO.","0","0","0","0","0","0","0","1","0","0","0","0","0","0","0","0","0","0","0","0","0",57658
"G3717","1980","S",,,,,,,,,,,,,,"Kailua--Kaneohe, HI","3717",,,,,"0",,,,,,,"KAILUA-KANEOHE, HAWAII","0","0","0","0","0","0","0","0","0","0","0","0","0","0","0","0","0","0","0","0","0",105712
"G3719","1980","S",,,,,,,,,,,,,,"Kalamazoo, MI","3719",,,,,"1",,,,,,,"KALAMAZOO, MICH.","0","0","0","0","0","0","0","0","0","0","0","0","0","0","0","0","0","0","0","0","0",154990
"G3740","1980","S",,,,,,,,,,,,,,"Kankakee, IL","3740",,,,,"0",,,,,,,"KANKAKEE, ILL.","0","0","0","0","0","0","0","0","0","0","0","0","0","0","0","0","0","0","0","0","0",61451
"G3760","1980","S",,,,,,,,,,,,,,"Kansas City, MO--KS","3760",,,,,"1",,,,,,,"KANSAS CITY, MO.-KANS.","0","0","0","0","0","0","0","0","0","0","0","0","0","0","0","0","0","0","0","0","0",1097793
"G3800","1980","S",,,,,,,,,,,,,,"Kenosha, WI","3800",,,,,"1",,,,,,,"KENOSHA, WIS.","0","0","0","0","0","0","0","0","0","0","0","0","0","0","0","0","0","0","0","0","0",85742
"G3809","1980","S",,,,,,,,,,,,,,"Killeen, TX","3809",,,,,"0",,,,,,,"KILLEEN, TEX.","0","0","0","0","0","0","0","0","0","0","0","0","0","0","0","0","0","0","0","0","0",88145
"G3817","1980","S",,,,,,,,,,,,,,"Kingsport, TN--VA","3817",,,,,"0",,,,,,,"KINGSPORT, TENN.-VA.","0","0","0","0","0","0","0","1","0","0","0","0","0","0","0","0","0","0","0","0","0",89760
"G3840","1980","S",,,,,,,,,,,,,,"Knoxville, TN","3840",,,,,"1",,,,,,,"KNOXVILLE, TENN.","0","0","0","0","0","0","0","0","0","0","0","0","0","0","0","0","0","0","0","0","0",284708
"G3850","1980","S",,,,,,,,,,,,,,"Kokomo, IN","3850",,,,,"0",,,,,,,"KOKOMO, IND.","0","0","0","0","0","0","0","0","0","0","0","0","0","0","0","0","0","0","0","0","0",61224
"G3871","1980","S",,,,,,,,,,,,,,"La Crosse, WI--MN","3871",,,,,"0",,,,,,,"LA CROSSE, WIS.-MINN.","0","0","0","0","0","0","0","0","0","0","0","0","0","0","0","0","0","0","0","0","0",67966
"G3880","1980","S",,,,,,,,,,,,,,"Lafayette, LA","3880",,,,,"1",,,,,,,"LAFAYETTE, LA.","0","0","0","0","0","0","0","0","0","0","0","0","0","0","0","0","0","0","0","0","0",113999
"G3920","1980","S",,,,,,,,,,,,,,"Lafayette--West Lafayette, IN","3920",,,,,"0",,,,,,,"LAFAYETTE-WEST LAFAYETTE, IND.","0","0","0","0","0","0","0","1","0","0","0","0","0","0","0","0","0","0","0","0","1",91380
"G3960","1980","S",,,,,,,,,,,,,,"Lake Charles, LA","3960",,,,,"1",,,,,,,"LAKE CHARLES, LA.","0","0","0","0","0","0","0","0","0","0","0","0","0","0","0","0","0","0","0","0","0",123820
"G3979","1980","S",,,,,,,,,,,,,,"Lakeland, FL","3979",,,,,"0",,,,,,,"LAKELAND, FLA.","0","0","0","0","0","0","0","0","0","0","0","0","0","0","0","0","0","0","0","0","0",114360
"G3992","1980","S",,,,,,,,,,,,,,"Lancaster, CA","3992",,,,,"0",,,,,,,"LANCASTER, CALIF.","0","0","0","0","0","0","0","0","0","0","0","0","0","0","0","0","0","0","0","0","0",56328
"G4000","1980","S",,,,,,,,,,,,,,"Lancaster, PA","4000",,,,,"1",,,,,,,"LANCASTER, PA.","0","0","0","0","0","0","0","0","0","0","0","0","0","0","0","0","0","0","0","0","0",157385
"G4039","1980","S",,,,,,,,,,,,,,"Lansing, MI","4039",,,,,"1",,,,,,,"LANSING, MICH.","0","0","0","0","0","0","0","0","0","0","0","0","0","0","0","0","0","0","0","0","0",254704
"G4080","1980","S",,,,,,,,,,,,,,"Laredo, TX","4080",,,,,"1",,,,,,,"LAREDO, TEX.","0","0","0","0","0","0","0","0","0","0","0","0","0","0","0","0","0","0","0","0","1",94961
"G4100","1980","S",,,,,,,,,,,,,,"Las Cruces, NM","4100",,,,,"0",,,,,,,"LAS CRUCES, N. MEX.","0","0","0","0","0","0","0","0","0","0","0","0","0","0","0","0","0","0","0","0","0",55072
"G4120","1980","S",,,,,,,,,,,,,,"Las Vegas, NV","4120",,,,,"1",,,,,,,"LAS VEGAS, NEV.","0","0","0","0","0","0","0","0","0","0","0","0","0","0","0","0","0","0","0","0","0",432874
"G4150","1980","S",,,,,,,,,,,,,,"Lawrence, KS","4150",,,,,"1",,,,,,,"LAWRENCE, KANS.","0","0","0","0","0","0","0","0","0","0","0","0","0","0","0","0","0","0","0","0","0",52810
"G4160","1980","S",,,,,,,,,,,,,,"Lawrence--Haverhill, MA--NH","4160",,,,,"1",,,,,,,"LAWRENCE-HAVERHILL, MASS.-N.H.","0","0","0","0","0","0","0","0","0","0","0","0","0","0","0","0","0","0","0","0","0",211428
"G4200","1980","S",,,,,,,,,,,,,,"Lawton, OK","4200",,,,,"1",,,,,,,"LAWTON, OKLA.","0","0","0","0","0","0","0","0","0","0","0","0","0","0","0","0","0","0","0","0","0",96134
"G4240","1980","S",,,,,,,,,,,,,,"Lewiston--Auburn, ME","4240",,,,,"0",,,,,,,"LEWISTON-AUBURN, MAINE","0","0","0","0","0","0","0","1","0","0","0","0","0","0","0","0","0","0","0","0","0",70108
"G4280","1980","S",,,,,,,,,,,,,,"Lexington--Fayette, KY","4280",,,,,"1",,,,,,,"LEXINGTON-FAYETTE, KY.","0","0","0","0","0","0","0","0","0","0","0","0","0","0","0","0","0","0","0","0","0",194093
"G4320","1980","S",,,,,,,,,,,,,,"Lima, OH","4320",,,,,"0",,,,,,,"LIMA, OHIO","0","0","0","0","0","0","0","0","0","0","0","0","0","0","0","0","0","0","0","0","0",70104
"G4360","1980","S",,,,,,,,,,,,,,"Lincoln, NE","4360",,,,,"1",,,,,,,"LINCOLN, NEBR.","0","0","0","0","0","0","0","0","0","0","0","0","0","0","0","0","0","0","0","0","0",173550
"G4400","1980","S",,,,,,,,,,,,,,"Little Rock--North Little Rock, AR","4400",,,,,"1",,,,,,,"LITTLE ROCK-NORTH LITTLE ROCK, ARK.","0","0","0","0","0","0","0","0","0","0","0","0","0","0","0","0","0","0","0","0","0",295133
"G4413","1980","S",,,,,,,,,,,,,,"Longview, TX","4413",,,,,"1",,,,,,,"LONGVIEW, TEX.","0","0","0","0","0","0","0","0","0","0","0","0","0","0","0","0","0","0","0","0","0",69757
"G4415","1980","S",,,,,,,,,,,,,,"Longview, WA--OR","4415",,,,,"0",,,,,,,"LONGVIEW, WASH.-OREG.","0","0","0","0","0","0","0","1","0","0","0","0","0","0","0","0","0","0","0","0","1",55076
"G4440","1980","S",,,,,,,,,,,,,,"Lorain--Elyria, OH","4440",,,,,"1",,,,,,,"LORAIN-ELYRIA, OHIO","0","0","0","0","0","0","0","0","0","0","0","0","0","0","0","0","0","0","0","0","0",225331
"G4480","1980","S",,,,,,,,,,,,,,"Los Angeles--Long Beach, CA","4480",,,,,"1",,,,,,,"LOS ANGELES-LONG BEACH, CALIF.","0","0","0","0","0","0","0","0","0","0","0","0","0","0","0","0","0","0","0","0","0",9479436
"G4520","1980","S",,,,,,,,,,,,,,"Louisville, KY--IN","4520",,,,,"1",,,,,,,"LOUISVILLE, KY.-IND.","0","0","0","0","0","0","0","0","0","0","0","0","0","0","0","0","0","0","0","0","0",761002
"G4560","1980","S",,,,,,,,,,,,,,"Lowell, MA--NH","4560",,,,,"1",,,,,,,"LOWELL, MASS.-N.H.","0","0","0","0","0","0","0","0","0","0","0","0","0","0","0","0","0","0","0","0","0",157412
"G4600","1980","S",,,,,,,,,,,,,,"Lubbock, TX","4600",,,,,"1",,,,,,,"LUBBOCK, TEX.","0","0","0","0","0","0","0","0","0","0","0","0","0","0","0","0","0","0","0","0","0",175479
"G4640","1980","S",,,,,,,,,,,,,,"Lynchburg, VA","4640",,,,,"1",,,,,,,"LYNCHBURG, VA.","0","0","0","0","0","0","0","0","0","0","0","0","0","0","0","0","0","0","0","0","0",93921
"G4660","1980","S",,,,,,,,,,,,,,"Mcallen--Pharr--Edinburg, TX","4660",,,,,"1",,,,,,,"MCALLEN-PHARR-EDINBURG, TEX.","0","0","0","0","0","0","0","0","0","0","0","0","0","0","0","0","0","0","0","0","0",157423
"G4680","1980","S",,,,,,,,,,,,,,"Macon, GA","4680",,,,,"1",,,,,,,"MACON, GA.","0","0","0","0","0","0","0","0","0","0","0","0","0","0","0","0","0","0","0","0","0",130871
"G4720","1980","S",,,,,,,,,,,,,,"Madison, WI","4720",,,,,"1",,,,,,,"MADISON, WIS.","0","0","0","0","0","0","0","0","0","0","0","0","0","0","0","0","0","0","0","0","0",213675
"G4760","1980","S",,,,,,,,,,,,,,"Manchester, NH","4760",,,,,"1",,,,,,,"MANCHESTER, N.H.","0","0","0","0","0","0","0","0","0","0","0","0","0","0","0","0","0","0","0","0","0",102844
"G4800","1980","S",,,,,,,,,,,,,,"Mansfield, OH","4800",,,,,"1",,,,,,,"MANSFIELD, OHIO","0","0","0","0","0","0","0","0","0","0","0","0","0","0","0","0","0","0","0","0","0",78948
"G4890","1980","S",,,,,,,,,,,,,,"Medford, OR","4890",,,,,"0",,,,,,,"MEDFORD, OREG.","0","0","0","0","0","0","0","1","0","0","0","0","0","0","0","0","0","0","0","0","1",52469
"G4899","1980","S",,,,,,,,,,,,,,"Melbourne--Cocoa, FL","4899",,,,,"0",,,,,,,"MELBOURNE-COCOA, FLA.","0","0","0","0","0","0","0","0","0","0","0","0","0","0","0","0","0","0","0","0","0",212917
"G4920","1980","S",,,,,,,,,,,,,,"Memphis, TN--AR--MS","4920",,,,,"1",,,,,,,"MEMPHIS, TENN.-ARK.-MISS.","0","0","0","0","0","0","0","0","0","0","0","0","0","0","0","0","0","0","0","0","0",774551
"G4960","1980","S",,,,,,,,,,,,,,"Meriden, CT","4960",,,,,"1",,,,,,,"MERIDEN, CONN.","0","0","0","0","0","0","0","0","0","0","0","0","0","0","0","0","0","0","0","0","0",57118
"G5000","1980","S",,,,,,,,,,,,,,"Miami, FL","5000",,,,,"1",,,,,,,"MIAMI, FLA.","0","0","0","0","0","0","0","0","0","0","0","0","0","0","0","0","0","0","0","0","0",1608159
"G5023","1980","S",,,,,,,,,,,,,,"Middletown, OH","5023",,,,,"0",,,,,,,"MIDDLETOWN, OHIO","0","0","0","0","0","0","0","0","0","0","0","0","0","0","0","0","0","0","0","0","0",91730
"G5040","1980","S",,,,,,,,,,,,,,"Midland, TX","5040",,,,,"1",,,,,,,"MIDLAND, TEX.","0","0","0","0","0","0","0","0","0","0","0","0","0","0","0","0","0","0","0","0","0",71606
"G5080","1980","S",,,,,,,,,,,,,,"Milwaukee, WI","5080",,,,,"1",,,,,,,"MILWAUKEE, WIS.","0","0","0","0","0","0","0","0","0","0","0","0","0","0","0","0","0","0","0","0","0",1207008
"G5119","1980","S",,,,,,,,,,,,,,"Minneapolis--St Paul, MN","5119",,,,,"1",,,,,,,"MINNEAPOLIS-ST. PAUL, MINN.","0","0","0","0","0","0","0","0","0","0","0","0","0","0","0","0","0","0","0","0","0",1787564
"G5140","1980","S",,,,,,,,,,,,,,"Missoula, MT","5140",,,,,"0",,,,,,,"MISSOULA, MONT.","0","0","0","0","0","0","0","1","0","0","0","0","0","0","0","0","0","0","0","0","0",58035
"G5160","1980","S",,,,,,,,,,,,,,"Mobile, AL","5160",,,,,"1",,,,,,,"MOBILE, ALA.","0","0","0","0","0","0","0","0","0","0","0","0","0","0","0","0","0","0","0","0","0",295493
"G5170","1980","S",,,,,,,,,,,,,,"Modesto, CA","5170",,,,,"1",,,,,,,"MODESTO, CALIF.","0","0","0","0","0","0","0","0","0","0","0","0","0","0","0","0","0","0","0","0","0",159538
"G5182","1980","S",,,,,,,,,,,,,,"Monessen, PA","5182",,,,,"0",,,,,,,"MONESSEN, PA.","0","0","0","0","0","0","0","0","0","0","0","0","0","0","0","0","0","0","0","0","0",65884
"G5200","1980","S",,,,,,,,,,,,,,"Monroe, LA","5200",,,,,"1",,,,,,,"MONROE, LA.","0","0","0","0","0","0","0","0","0","0","0","0","0","0","0","0","0","0","0","0","0",112537
"G5240","1980","S",,,,,,,,,,,,,,"Montgomery, AL","5240",,,,,"1",,,,,,,"MONTGOMERY, ALA.","0","0","0","0","0","0","0","0","0","0","0","0","0","0","0","0","0","0","0","0","0",196947
"G5280","1980","S",,,,,,,,,,,,,,"Muncie, IN","5280",,,,,"1",,,,,,,"MUNCIE, IND.","0","0","0","0","0","0","0","0","0","0","0","0","0","0","0","0","0","0","0","0","0",91479
"G5319","1980","S",,,,,,,,,,,,,,"Muskegon--Muskegon Heights, MI","5319",,,,,"0",,,,,,,"MUSKEGON-MUSKEGON HEIGHTS, MICH.","0","0","0","0","0","0","0","0","0","0","0","0","0","0","0","0","0","0","0","0","0",105634
"G5343","1980","S",,,,,,,,,,,,,,"Napa, CA","5343",,,,,"1",,,,,,,"NAPA, CALIF.","0","0","0","0","0","0","0","1","0","0","0","0","0","0","0","0","0","0","0","0","1",59277
"G5345","1980","S",,,,,,,,,,,,,,"Naples, FL","5345",,,,,"0",,,,,,,"NAPLES, FLA.","0","0","0","0","0","0","0","1","0","0","0","0","0","0","0","0","0","0","0","0","0",53675
"G5350","1980","S",,,,,,,,,,,,,,"Nashua, NH","5350",,,,,"1",,,,,,,"NASHUA, N.H.","0","0","0","0","0","0","0","0","0","0","0","0","0","0","0","0","0","0","0","0","0",75299
"G5360","1980","S",,,,,,,,,,,,,,"Nashville--Davidson, TN","5360",,,,,"1",,,,,,,"NASHVILLE-DAVIDSON, TENN.","0","0","0","0","0","0","0","0","0","0","0","0","0","0","0","0","0","0","0","0","0",518325
"G5395","1980","S",,,,,,,,,,,,,,"Newark, OH","5395",,,,,"0",,,,,,,"NEWARK, OHIO","0","0","0","0","0","0","0","1","0","0","0","0","0","0","0","0","0","0","0","0","1",50839
"G5400","1980","S",,,,,,,,,,,,,,"New Bedford, MA","5400",,,,,"1",,,,,,,"NEW BEDFORD, MASS.","0","0","0","0","0","0","0","0","0","0","0","0","0","0","0","0","0","0","0","0","0",133274
"G5440","1980","S",,,,,,,,,,,,,,"New Britain, CT","5440",,,,,"1",,,,,,,"NEW BRITAIN, CONN.","0","0","0","0","0","0","0","0","0","0","0","0","0","0","0","0","0","0","0","0","0",135817
"G5469","1980","S",,,,,,,,,,,,,,"Newburgh, NY","5469",,,,,"0",,,,,,,"NEWBURGH, N.Y.","0","0","0","0","0","0","0","0","0","0","0","0","0","0","0","0","0","0","0","0","0",65711
"G5479","1980","S",,,,,,,,,,,,,,"New Haven, CT","5479",,,,,"1",,,,,,,"NEW HAVEN, CONN.","0","0","0","0","0","0","0","0","0","0","0","0","0","0","0","0","0","0","0","0","0",368061
"G5519","1980","S",,,,,,,,,,,,,,"New London--Norwich, CT","5519",,,,,"0",,,,,,,"NEW LONDON-NORWICH, CONN.","0","0","0","0","0","0","0","0","0","0","0","0","0","0","0","0","0","0","0","0","0",148829
"G5560","1980","S",,,,,,,,,,,,,,"New Orleans, LA","5560",,,,,"1",,,,,,,"NEW ORLEANS, LA.","0","0","0","0","0","0","0","0","0","0","0","0","0","0","0","0","0","0","0","0","0",1078299
"G5570","1980","S",,,,,,,,,,,,,,"Newport, RI","5570",,,,,"0",,,,,,,"NEWPORT, R.I.","0","0","0","0","0","0","0","0","0","0","0","0","0","0","0","0","0","0","0","0","0",51381
"G5580","1980","S",,,,,,,,,,,,,,"Newport News--Hampton, VA","5580",,,,,"1",,,,,,,"NEWPORT NEWS-HAMPTON, VA.","0","0","0","0","0","0","0","0","0","0","0","0","0","0","0","0","0","0","0","0","0",328576
"G5601","1980","S",,,,,,,,,,,,,,"New York, NY--Northeastern NJ","5601",,,,,"1",,,,,,,"NEW YORK, N.Y.-NORTHEASTERN NEW JERSEY","0","0","0","0","0","0","0","0","0","0","0","0","0","0","0","0","0","0","0","0","0",15590274
"G5719","1980","S",,,,,,,,,,,,,,"Norfolk--Portsmouth, VA","5719",,,,,"1",,,,,,,"NORFOLK-PORTSMOUTH, VA.","0","0","0","0","0","0","0","0","0","0","0","0","0","0","0","0","0","0","0","0","0",770784
"G5760","1980","S",,,,,,,,,,,,,,"Norwalk, CT","5760",,,,,"1",,,,,,,"NORWALK, CONN.","0","0","0","0","0","0","0","0","0","0","0","0","0","0","0","0","0","0","0","0","0",107550
"G5790","1980","S",,,,,,,,,,,,,,"Ocala, FL","5790",,,,,"0",,,,,,,"OCALA, FLA.","0","0","0","0","0","0","0","0","0","0","0","0","0","0","0","0","0","0","0","0","0",50860
"G5800","1980","S",,,,,,,,,,,,,,"Odessa, TX","5800",,,,,"1",,,,,,,"ODESSA, TEX.","0","0","0","0","0","0","0","0","0","0","0","0","0","0","0","0","0","0","0","0","0",101518
"G5840","1980","S",,,,,,,,,,,,,,"Ogden, UT","5840",,,,,"1",,,,,,,"OGDEN, UTAH","0","0","0","0","0","0","0","0","0","0","0","0","0","0","0","0","0","0","0","0","0",205744
"G5880","1980","S",,,,,,,,,,,,,,"Oklahoma City, OK","5880",,,,,"1",,,,,,,"OKLAHOMA CITY, OKLA.","0","0","0","0","0","0","0","0","0","0","0","0","0","0","0","0","0","0","0","0","0",674322
"G5910","1980","S",,,,,,,,,,,,,,"Olympia, WA","5910",,,,,"0",,,,,,,"OLYMPIA, WASH.","0","0","0","0","0","0","0","1","0","0","0","0","0","0","0","0","0","0","0","0","0",68616
"G5920","1980","S",,,,,,,,,,,,,,"Omaha, NE--IA","5920",,,,,"1",,,,,,,"OMAHA, NEBR.-IOWA","0","0","0","0","0","0","0","0","0","0","0","0","0","0","0","0","0","0","0","0","0",512438
"G5960","1980","S",,,,,,,,,,,,,,"Orlando, FL","5960",,,,,"1",,,,,,,"ORLANDO, FLA.","0","0","0","0","0","0","0","0","0","0","0","0","0","0","0","0","0","0","0","0","0",577235
"G5973","1980","S",,,,,,,,,,,,,,"Oshkosh, WI","5973",,,,,"0",,,,,,,"OSHKOSH, WIS.","0","0","0","0","0","0","0","1","0","0","0","0","0","0","0","0","0","0","0","0","0",52958
"G5990","1980","S",,,,,,,,,,,,,,"Owensboro, KY","5990",,,,,"1",,,,,,,"OWENSBORO, KY.","0","0","0","0","0","0","0","1","0","0","0","0","0","0","0","0","0","0","0","0","0",57549
"G6001","1980","S",,,,,,,,,,,,,,"Oxnard--Ventura--Thousand Oaks, CA","6001",,,,,"1",,,,,,,"OXNARD-VENTURA-THOUSAND OAKS, CALIF.","0","0","0","0","0","0","0","0","0","0","0","0","0","0","0","0","0","0","0","0","0",377695
"G6012","1980","S",,,,,,,,,,,,,,"Palm Springs, CA","6012",,,,,"0",,,,,,,"PALM SPRINGS, CALIF.","0","0","0","0","0","0","0","0","0","0","0","0","0","0","0","0","0","0","0","0","0",66431
"G6015","1980","S",,,,,,,,,,,,,,"Panama City, FL","6015",,,,,"0",,,,,,,"PANAMA CITY, FLA.","0","0","0","0","0","0","0","0","0","0","0","0","0","0","0","0","0","0","0","0","0",78886
"G6019","1980","S",,,,,,,,,,,,,,"Parkersburg, WV--OH","6019",,,,,"0",,,,,,,"PARKERSBURG, W. VA.-OHIO","0","0","0","0","0","0","0","1","0","0","0","0","0","0","0","0","0","0","0","0","1",63181
"G6025","1980","S",,,,,,,,,,,,,,"Pascagoula--Moss Point, MS","6025",,,,,"0",,,,,,,"PASCAGOULA-MOSS POINT, MISS.","0","0","0","0","0","0","0","0","0","0","0","0","0","0","0","0","0","0","0","0","0",65174
"G6080","1980","S",,,,,,,,,,,,,,"Pensacola, FL","6080",,,,,"1",,,,,,,"PENSACOLA, FLA.","0","0","0","0","0","0","0","0","0","0","0","0","0","0","0","0","0","0","0","0","0",215995
"G6120","1980","S",,,,,,,,,,,,,,"Peoria, IL","6120",,,,,"1",,,,,,,"PEORIA, ILL.","0","0","0","0","0","0","0","0","0","0","0","0","0","0","0","0","0","0","0","0","0",261418
"G6139","1980","S",,,,,,,,,,,,,,"Petersburg--Colonial Heights, VA","6139",,,,,"0",,,,,,,"PETERSBURG-COLONIAL HEIGHTS, VA.","0","0","0","0","0","0","0","0","0","0","0","0","0","0","0","0","0","0","0","0","0",106582
"G6160","1980","S",,,,,,,,,,,,,,"Philadelphia, PA--NJ","6160",,,,,"1",,,,,,,"PHILADELPHIA, PA.-N.J.","0","0","0","0","0","0","0","0","0","0","0","0","0","0","0","0","0","0","0","0","0",4112933
"G6200","1980","S",,,,,,,,,,,,,,"Phoenix, AZ","6200",,,,,"1",,,,,,,"PHOENIX, ARIZ.","0","0","0","0","0","0","0","0","0","0","0","0","0","0","0","0","0","0","0","0","0",1409279
"G6240","1980","S",,,,,,,,,,,,,,"Pine Bluff, AR","6240",,,,,"1",,,,,,,"PINE BLUFF, ARK.","0","0","0","0","0","0","0","0","0","0","0","0","0","0","0","0","0","0","0","0","0",62817
"G6280","1980","S",,,,,,,,,,,,,,"Pittsburgh, PA","6280",,,,,"1",,,,,,,"PITTSBURGH, PA.","0","0","0","0","0","0","0","0","0","0","0","0","0","0","0","0","0","0","0","0","0",1810038
"G6320","1980","S",,,,,,,,,,,,,,"Pittsfield, MA","6320",,,,,"1",,,,,,,"PITTSFIELD, MASS.","0","0","0","0","0","0","0","1","0","0","0","0","0","0","0","0","0","0","0","0","1",57554
"G6340","1980","S",,,,,,,,,,,,,,"Pocatello, ID","6340",,,,,"0",,,,,,,"POCATELLO, IDAHO","0","0","0","0","0","0","0","0","0","0","0","0","0","0","0","0","0","0","0","0","0",53401
"G6387","1980","S",,,,,,,,,,,,,,"Port Arthur, TX","6387",,,,,"1",,,,,,,"PORT ARTHUR, TEX.","0","0","0","0","0","0","0","0","0","0","0","0","0","0","0","0","0","0","0","0","0",118562
"G6390","1980","S",,,,,,,,,,,,,,"Port Huron, MI","6390",,,,,"0",,,,,,,"PORT HURON, MICH.","0","0","0","0","0","0","0","0","0","0","0","0","0","0","0","0","0","0","0","0","0",59647
"G6400","1980","S",,,,,,,,,,,,,,"Portland, ME","6400",,,,,"1",,,,,,,"PORTLAND, MAINE","0","0","0","0","0","0","0","1","0","0","0","0","0","0","0","0","0","0","0","0","1",107099
"G6440","1980","S",,,,,,,,,,,,,,"Portland, OR--WA","6440",,,,,"1",,,,,,,"PORTLAND, OREG.-WASH.","0","0","0","0","0","0","0","0","0","0","0","0","0","0","0","0","0","0","0","0","0",1026144
"G6450","1980","S",,,,,,,,,,,,,,"Portsmouth--Dover--Rochester, NH--ME","6450",,,,,"0",,,,,,,"PORTSMOUTH-DOVER-ROCHESTER, N.H.-MAINE","0","0","0","0","0","0","0","0","0","0","0","0","0","0","0","0","0","0","0","0","1",103722
"G6460","1980","S",,,,,,,,,,,,,,"Poughkeepsie, NY","6460",,,,,"0",,,,,,,"POUGHKEEPSIE, N.Y.","0","0","0","0","0","0","0","0","0","0","0","0","0","0","0","0","0","0","0","0","0",136571
"G6479","1980","S",,,,,,,,,,,,,,"Providence--Pawtucket--Warwick, RI--MA","6479",,,,,"1",,,,,,,"PROVIDENCE-PAWTUCKET-WARWICK, R.I.-MASS.","0","0","0","0","0","0","0","0","0","0","0","0","0","0","0","0","0","0","0","0","0",796250
"G6520","1980","S",,,,,,,,,,,,,,"Provo--Orem, UT","6520",,,,,"1",,,,,,,"PROVO-OREM, UTAH","0","0","0","0","0","0","0","1","0","0","0","0","0","0","0","0","0","0","0","0","1",169699
"G6560","1980","S",,,,,,,,,,,,,,"Pueblo, CO","6560",,,,,"1",,,,,,,"PUEBLO, COLO.","0","0","0","0","0","0","0","0","0","0","0","0","0","0","0","0","0","0","0","0","0",109444
"G6600","1980","S",,,,,,,,,,,,,,"Racine, WI","6600",,,,,"1",,,,,,,"RACINE, WIS.","0","0","0","0","0","0","0","0","0","0","0","0","0","0","0","0","0","0","0","0","0",118987
"G6639","1980","S",,,,,,,,,,,,,,"Raleigh, NC","6639",,,,,"1",,,,,,,"RALEIGH, N.C.","0","0","0","0","0","0","0","0","0","0","0","0","0","0","0","0","0","0","0","0","0",206597
"G6660","1980","S",,,,,,,,,,,,,,"Rapid City, SD","6660",,,,,"0",,,,,,,"RAPID CITY, S. DAK.","0","0","0","0","0","0","0","1","0","0","0","0","0","0","0","0","0","0","0","0","1",50882
"G6680","1980","S",,,,,,,,,,,,,,"Reading, PA","6680",,,,,"1",,,,,,,"READING, PA.","0","0","0","0","0","0","0","0","0","0","0","0","0","0","0","0","0","0","0","0","0",173450
"G6690","1980","S",,,,,,,,,,,,,,"Redding, CA","6690",,,,,"0",,,,,,,"REDDING, CALIF.","0","0","0","0","0","0","0","1","0","0","0","0","0","0","0","0","0","0","0","0","0",52867
"G6720","1980","S",,,,,,,,,,,,,,"Reno, NV","6720",,,,,"1",,,,,,,"RENO, NEV.","0","0","0","0","0","0","0","0","0","0","0","0","0","0","0","0","0","0","0","0","0",162286
"G6739","1980","S",,,,,,,,,,,,,,"Richland--Kennewick, WA","6739",,,,,"0",,,,,,,"RICHLAND-KENNEWICK, WASH.","0","0","0","0","0","0","0","0","0","0","0","0","0","0","0","0","0","0","0","0","1",112171
"G6760","1980","S",,,,,,,,,,,,,,"Richmond, VA","6760",,,,,"1",,,,,,,"RICHMOND, VA.","0","0","0","0","0","0","0","0","0","0","0","0","0","0","0","0","0","0","0","0","0",491627
"G6800","1980","S",,,,,,,,,,,,,,"Roanoke, VA","6800",,,,,"1",,,,,,,"ROANOKE, VA.","0","0","0","0","0","0","0","0","0","0","0","0","0","0","0","0","0","0","0","0","0",177475
"G6820","1980","S",,,,,,,,,,,,,,"Rochester, MN","6820",,,,,"1",,,,,,,"ROCHESTER, MINN.","0","0","0","0","0","0","0","1","0","0","0","0","0","0","0","0","0","0","0","0","1",60473
"G6840","1980","S",,,,,,,,,,,,,,"Rochester, NY","6840",,,,,"1",,,,,,,"ROCHESTER, N.Y.","0","0","0","0","0","0","0","0","0","0","0","0","0","0","0","0","0","0","0","0","0",606070
"G6880","1980","S",,,,,,,,,,,,,,"Rockford, IL","6880",,,,,"1",,,,,,,"ROCKFORD, ILL.","0","0","0","0","0","0","0","0","0","0","0","0","0","0","0","0","0","0","0","0","0",204304
"G6885","1980","S",,,,,,,,,,,,,,"Rock Hill, SC","6885",,,,,"0",,,,,,,"ROCK HILL, S.C.","0","0","0","0","0","0","0","0","0","0","0","0","0","0","0","0","0","0","0","0","1",50846
"G6900","1980","S",,,,,,,,,,,,,,"Rome, GA","6900",,,,,"0",,,,,,,"ROME, GA.","0","0","0","0","0","0","0","0","0","0","0","0","0","0","0","0","0","0","0","0","0",51082
"G6913","1980","S",,,,,,,,,,,,,,"Round Lake Beach, IL","6913",,,,,"0",,,,,,,"ROUND LAKE BEACH, ILL.","0","0","0","0","0","0","0","1","0","0","0","0","0","0","0","0","0","0","0","0","0",65676
"G6920","1980","S",,,,,,,,,,,,,,"Sacramento, CA","6920",,,,,"1",,,,,,,"SACRAMENTO, CALIF.","0","0","0","0","0","0","0","0","0","0","0","0","0","0","0","0","0","0","0","0","0",796266
"G6960","1980","S",,,,,,,,,,,,,,"Saginaw, MI","6960",,,,,"1",,,,,,,"SAGINAW, MICH.","0","0","0","0","0","0","0","0","0","0","0","0","0","0","0","0","0","0","0","0","0",146769
"G6980","1980","S",,,,,,,,,,,,,,"St Cloud, MN","6980",,,,,"0",,,,,,,"ST. CLOUD, MINN.","0","0","0","0","0","0","0","1","0","0","0","0","0","0","0","0","0","0","0","0","1",58375
"G7001","1980","S",,,,,,,,,,,,,,"St Joseph, MO--KS","7001",,,,,"1",,,,,,,"ST. JOSEPH, MO.-KANS.","0","0","0","0","0","0","0","0","0","0","0","0","0","0","0","0","0","0","0","0","0",79936
"G7040","1980","S",,,,,,,,,,,,,,"St Louis, MO--IL","7040",,,,,"1",,,,,,,"ST. LOUIS, MO.-ILL.","0","0","0","0","0","0","0","0","0","0","0","0","0","0","0","0","0","0","0","0","0",1848590
"G7060","1980","S",,,,,,,,,,,,,,"St Petersburg, FL","7060",,,,,"1",,,,,,,"ST. PETERSBURG, FLA.","0","0","0","0","0","0","0","0","0","0","0","0","0","0","0","0","0","0","0","0","0",833337
"G7080","1980","S",,,,,,,,,,,,,,"Salem, OR","7080",,,,,"1",,,,,,,"SALEM, OREG.","0","0","0","0","0","0","0","0","0","0","0","0","0","0","0","0","0","0","0","0","0",135747
"G7119","1980","S",,,,,,,,,,,,,,"Salinas, CA","7119",,,,,"1",,,,,,,"SALINAS, CALIF.","0","0","0","0","0","0","0","0","0","0","0","0","0","0","0","0","0","0","0","0","0",82600
"G7159","1980","S",,,,,,,,,,,,,,"Salt Lake City, UT","7159",,,,,"1",,,,,,,"SALT LAKE CITY, UTAH","0","0","0","0","0","0","0","0","0","0","0","0","0","0","0","0","0","0","0","0","0",674201
"G7200","1980","S",,,,,,,,,,,,,,"San Angelo, TX","7200",,,,,"1",,,,,,,"SAN ANGELO, TEX.","0","0","0","0","0","0","0","0","0","0","0","0","0","0","0","0","0","0","0","0","0",73994
"G7240","1980","S",,,,,,,,,,,,,,"San Antonio, TX","7240",,,,,"1",,,,,,,"SAN ANTONIO, TEX.","0","0","0","0","0","0","0","0","0","0","0","0","0","0","0","0","0","0","0","0","0",944893
"G7279","1980","S",,,,,,,,,,,,,,"San Bernardino--Riverside, CA","7279",,,,,"1",,,,,,,"SAN BERNARDINO-RIVERSIDE, CALIF.","0","0","0","0","0","0","0","0","0","0","0","0","0","0","0","0","0","0","0","0","0",705175
"G7320","1980","S",,,,,,,,,,,,,,"San Diego, CA","7320",,,,,"1",,,,,,,"SAN DIEGO, CALIF.","0","0","0","0","0","0","0","0","0","0","0","0","0","0","0","0","0","0","0","0","0",1704352
"G7360","1980","S",,,,,,,,,,,,,,"San Francisco--Oakland, CA","7360",,,,,"1",,,,,,,"SAN FRANCISCO-OAKLAND, CALIF.","0","0","0","0","0","0","0","0","0","0","0","0","0","0","0","0","0","0","0","0","0",3190698
"G7400","1980","S",,,,,,,,,,,,,,"San Jose, CA","7400",,,,,"1",,,,,,,"SAN JOSE, CALIF.","0","0","0","0","0","0","0","0","0","0","0","0","0","0","0","0","0","0","0","0","0",1243952
"G7479","1980","S",,,,,,,,,,,,,,"Santa Barbara, CA","7479",,,,,"1",,,,,,,"SANTA BARBARA, CALIF.","0","0","0","0","0","0","0","0","0","0","0","0","0","0","0","0","0","0","0","0","0",150173
"G7485","1980","S",,,,,,,,,,,,,,"Santa Cruz, CA","7485",,,,,"0",,,,,,,"SANTA CRUZ, CALIF.","0","0","0","0","0","0","0","0","0","0","0","0","0","0","0","0","0","0","0","0","0",123226
"G7490","1980","S",,,,,,,,,,,,,,"Santa Fe, NM","7490",,,,,"0",,,,,,,"SANTA FE, N. MEX.","0","0","0","0","0","0","0","0","0","0","0","0","0","0","0","0","0","0","0","0","1",52042
"G7497","1980","S",,,,,,,,,,,,,,"Santa Maria, CA","7497",,,,,"0",,,,,,,"SANTA MARIA, CALIF.","0","0","0","0","0","0","0","0","0","0","0","0","0","0","0","0","0","0","0","0","0",57237
"G7500","1980","S",,,,,,,,,,,,,,"Santa Rosa, CA","7500",,,,,"1",,,,,,,"SANTA ROSA, CALIF.","0","0","0","0","0","0","0","0","0","0","0","0","0","0","0","0","0","0","0","0","0",137019
"G7511","1980","S",,,,,,,,,,,,,,"Sarasota--Bradenton, FL","7511",,,,,"0",,,,,,,"SARASOTA-BRADENTON, FLA.","0","0","0","0","0","0","0","0","0","0","0","0","0","0","0","0","0","0","0","0","0",305431
"G7520","1980","S",,,,,,,,,,,,,,"Savannah, GA","7520",,,,,"1",,,,,,,"SAVANNAH, GA.","0","0","0","0","0","0","0","0","0","0","0","0","0","0","0","0","0","0","0","0","0",186546
"G7560","1980","S",,,,,,,,,,,,,,"Scranton--Wilkes--Barre, PA","7560",,,,,"1",,,,,,,"SCRANTON-WILKES-BARRE, PA.","0","0","0","0","0","0","0","0","0","0","0","0","0","0","0","0","0","0","0","0","0",406517
"G7572","1980","S",,,,,,,,,,,,,,"Seaside--Monterey, CA","7572",,,,,"0",,,,,,,"SEASIDE-MONTEREY, CALIF.","0","0","0","0","0","0","0","0","0","0","0","0","0","0","0","0","0","0","0","0","0",115418
"G7600","1980","S",,,,,,,,,,,,,,"Seattle--Everett, WA","7600",,,,,"1",,,,,,,"SEATTLE-EVERETT, WASH.","0","0","0","0","0","0","0","0","0","0","0","0","0","0","0","0","0","0","0","0","0",1391535
"G7611","1980","S",,,,,,,,,,,,,,"Sharon, PA--OH","7611",,,,,"0",,,,,,,"SHARON, PA.-OHIO","0","0","0","0","0","0","0","0","0","0","0","0","0","0","0","0","0","0","0","0","1",50933
"G7620","1980","S",,,,,,,,,,,,,,"Sheboygan, WI","7620",,,,,"0",,,,,,,"SHEBOYGAN, WIS.","0","0","0","0","0","0","0","1","0","0","0","0","0","0","0","0","0","0","0","0","1",58531
"G7640","1980","S",,,,,,,,,,,,,,"Sherman--Denison, TX","7640",,,,,"0",,,,,,,"SHERMAN-DENISON, TEX.","0","0","0","0","0","0","0","0","0","0","0","0","0","0","0","0","0","0","0","0","0",56441
"G7680","1980","S",,,,,,,,,,,,,,"Shreveport, LA","7680",,,,,"1",,,,,,,"SHREVEPORT, LA.","0","0","0","0","0","0","0","0","0","0","0","0","0","0","0","0","0","0","0","0","0",263827
"G7702","1980","S",,,,,,,,,,,,,,"Simi Valley, CA","7702",,,,,"1",,,,,,,"SIMI VALLEY, CALIF.","0","0","0","0","0","0","0","1","0","0","0","0","0","0","0","0","0","0","0","0","1",79921
"G7721","1980","S",,,,,,,,,,,,,,"Sioux City, IA--NE--SD","7721",,,,,"1",,,,,,,"SIOUX CITY, IOWA-NEBR.-S. DAK.","0","0","0","0","0","0","0","0","0","0","0","0","0","0","0","0","0","0","0","0","0",96746
"G7760","1980","S",,,,,,,,,,,,,,"Sioux Falls, SD","7760",,,,,"1",,,,,,,"SIOUX FALLS, S. DAK.","0","0","0","0","0","0","0","1","0","0","0","0","0","0","0","0","0","0","0","0","1",85834
"G7801","1980","S",,,,,,,,,,,,,,"South Bend, IN--MI","7801",,,,,"1",,,,,,,"SOUTH BEND, IND.-MICH.","0","0","0","0","0","0","0","0","0","0","0","0","0","0","0","0","0","0","0","0","0",226331
"G7820","1980","S",,,,,,,,,,,,,,"Spartanburg, SC","7820",,,,,"0",,,,,,,"SPARTANBURG, S.C.","0","0","0","0","0","0","0","0","0","0","0","0","0","0","0","0","0","0","0","0","0",100706
"G7840","1980","S",,,,,,,,,,,,,,"Spokane, WA","7840",,,,,"1",,,,,,,"SPOKANE, WASH.","0","0","0","0","0","0","0","0","0","0","0","0","0","0","0","0","0","0","0","0","0",266709
"G7880","1980","S",,,,,,,,,,,,,,"Springfield, IL","7880",,,,,"1",,,,,,,"SPRINGFIELD, ILL.","0","0","0","0","0","0","0","0","0","0","0","0","0","0","0","0","0","0","0","0","0",122806
"G7920","1980","S",,,,,,,,,,,,,,"Springfield, MO","7920",,,,,"1",,,,,,,"SPRINGFIELD, MO.","0","0","0","0","0","0","0","0","0","0","0","0","0","0","0","0","0","0","0","0","0",139030
"G7960","1980","S",,,,,,,,,,,,,,"Springfield, OH","7960",,,,,"1",,,,,,,"SPRINGFIELD, OHIO","0","0","0","0","0","0","0","0","0","0","0","0","0","0","0","0","0","0","0","0","0",86742
"G8000","1980","S",,,,,,,,,,,,,,"Springfield--Chicopee--Holyoke, MA--CT","8000",,,,,"1",,,,,,,"SPRINGFIELD-CHICOPEE-HOLYOKE, MASS.-CONN.","0","0","0","0","0","0","0","0","0","0","0","0","0","0","0","0","0","0","0","0","0",505822
"G8040","1980","S",,,,,,,,,,,,,,"Stamford, CT","8040",,,,,"1",,,,,,,"STAMFORD, CONN.","0","0","0","0","0","0","0","0","0","0","0","0","0","0","0","0","0","0","0","0","0",182978
"G8050","1980","S",,,,,,,,,,,,,,"State College, PA","8050",,,,,"0",,,,,,,"STATE COLLEGE, PA.","0","0","0","0","0","0","0","0","0","0","0","0","0","0","0","0","0","0","0","0","0",51298
"G8081","1980","S",,,,,,,,,,,,,,"Steubenville--Weirton, OH--WV--PA","8081",,,,,"0",,,,,,,"STEUBENVILLE-WEIRTON, OHIO-W. VA.-PA.","0","0","0","0","0","0","0","1","0","0","0","0","0","0","0","0","0","0","0","0","0",77651
"G8120","1980","S",,,,,,,,,,,,,,"Stockton, CA","8120",,,,,"1",,,,,,,"STOCKTON, CALIF.","0","0","0","0","0","0","0","0","0","0","0","0","0","0","0","0","0","0","0","0","0",197052
"G8160","1980","S",,,,,,,,,,,,,,"Syracuse, NY","8160",,,,,"1",,,,,,,"SYRACUSE, N.Y.","0","0","0","0","0","0","0","0","0","0","0","0","0","0","0","0","0","0","0","0","0",379284
"G8200","1980","S",,,,,,,,,,,,,,"Tacoma, WA","8200",,,,,"1",,,,,,,"TACOMA, WASH.","0","0","0","0","0","0","0","0","0","0","0","0","0","0","0","0","0","0","0","0","0",402077
"G8240","1980","S",,,,,,,,,,,,,,"Tallahassee, FL","8240",,,,,"1",,,,,,,"TALLAHASSEE, FLA.","0","0","0","0","0","0","0","0","0","0","0","0","0","0","0","0","0","0","0","0","0",119341
"G8279","1980","S",,,,,,,,,,,,,,"Tampa, FL","8279",,,,,"1",,,,,,,"TAMPA, FLA.","0","0","0","0","0","0","0","0","0","0","0","0","0","0","0","0","0","0","0","0","0",520912
"G8300","1980","S",,,,,,,,,,,,,,"Taunton, MA","8300",,,,,"0",,,,,,,"TAUNTON, MASS.","0","0","0","0","0","0","0","0","0","0","0","0","0","0","0","0","0","0","0","0","0",52334
"G8312","1980","S",,,,,,,,,,,,,,"Temple, TX","8312",,,,,"0",,,,,,,"TEMPLE, TEX.","0","0","0","0","0","0","0","0","0","0","0","0","0","0","0","0","0","0","0","0","0",53191
"G8320","1980","S",,,,,,,,,,,,,,"Terre Haute, IN","8320",,,,,"1",,,,,,,"TERRE HAUTE, IND.","0","0","0","0","0","0","0","0","0","0","0","0","0","0","0","0","0","0","0","0","0",74736
"G8359","1980","S",,,,,,,,,,,,,,"Texarkana, TX--AR","8359",,,,,"0",,,,,,,"TEXARKANA, TEX.-ARK.","0","0","0","0","0","0","0","0","0","0","0","0","0","0","0","0","0","0","0","0","0",63474
"G8382","1980","S",,,,,,,,,,,,,,"Texas City--La Marque, TX","8382",,,,,"0",,,,,,,"TEXAS CITY-LA MARQUE, TEX.","0","0","0","0","0","0","0","0","0","0","0","0","0","0","0","0","0","0","0","0","0",109193
"G8400","1980","S",,,,,,,,,,,,,,"Toledo, OH--MI","8400",,,,,"1",,,,,,,"TOLEDO, OHIO-MICH.","0","0","0","0","0","0","0","0","0","0","0","0","0","0","0","0","0","0","0","0","0",485440
"G8440","1980","S",,,,,,,,,,,,,,"Topeka, KS","8440",,,,,"1",,,,,,,"TOPEKA, KANS.","0","0","0","0","0","0","0","0","0","0","0","0","0","0","0","0","0","0","0","0","0",125936
"G8481","1980","S",,,,,,,,,,,,,,"Trenton, NJ--PA","8481",,,,,"1",,,,,,,"TRENTON, N.J.-PA.","0","0","0","0","0","0","0","0","0","0","0","0","0","0","0","0","0","0","0","0","0",260751
"G8520","1980","S",,,,,,,,,,,,,,"Tucson, AZ","8520",,,,,"1",,,,,,,"TUCSON, ARIZ.","0","0","0","0","0","0","0","0","0","0","0","0","0","0","0","0","0","0","0","0","0",450059
"G8560","1980","S",,,,,,,,,,,,,,"Tulsa, OK","8560",,,,,"1",,,,,,,"TULSA, OKLA.","0","0","0","0","0","0","0","0","0","0","0","0","0","0","0","0","0","0","0","0","0",443350
"G8600","1980","S",,,,,,,,,,,,,,"Tuscaloosa, AL","8600",,,,,"1",,,,,,,"TUSCALOOSA, ALA.","0","0","0","0","0","0","0","0","0","0","0","0","0","0","0","0","0","0","0","0","0",99554
"G8640","1980","S",,,,,,,,,,,,,,"Tyler, TX","8640",,,,,"1",,,,,,,"TYLER, TEX.","0","0","0","0","0","0","0","0","0","0","0","0","0","0","0","0","0","0","0","0","0",72927
"G8680","1980","S",,,,,,,,,,,,,,"Utica--Rome, NY","8680",,,,,"1",,,,,,,"UTICA-ROME, N.Y.","0","0","0","0","0","0","0","0","0","0","0","0","0","0","0","0","0","0","0","0","0",155238
"G8750","1980","S",,,,,,,,,,,,,,"Victoria, TX","8750",,,,,"1",,,,,,,"VICTORIA, TEX.","0","0","0","0","0","0","0","0","0","0","0","0","0","0","0","0","0","0","0","0","0",50725
"G8759","1980","S",,,,,,,,,,,,,,"Vineland--Millville, NJ","8759",,,,,"1",,,,,,,"VINELAND-MILLVILLE, N.J.","0","0","0","0","0","0","0","0","0","0","0","0","0","0","0","0","0","0","0","0","0",88822
"G8779","1980","S",,,,,,,,,,,,,,"Visalia, CA","8779",,,,,"0",,,,,,,"VISALIA, CALIF.","0","0","0","0","0","0","0","0","0","0","0","0","0","0","0","0","0","0","0","0","1",58957
"G8800","1980","S",,,,,,,,,,,,,,"Waco, TX","8800",,,,,"1",,,,,,,"WACO, TEX.","0","0","0","0","0","0","0","0","0","0","0","0","0","0","0","0","0","0","0","0","0",134491
"G8832","1980","S",,,,,,,,,,,,,,"Warner Robins, GA","8832",,,,,"0",,,,,,,"WARNER ROBINS, GA.","0","0","0","0","0","0","0","0","0","0","0","0","0","0","0","0","0","0","0","0","0",54923
"G8840","1980","S",,,,,,,,,,,,,,"Washington, DC--MD--VA","8840",,,,,"1",,,,,,,"WASHINGTON, D.C.-MD.-VA.","0","0","0","0","0","0","0","0","0","0","0","0","0","0","0","0","0","0","0","0","0",2763105
"G8880","1980","S",,,,,,,,,,,,,,"Waterbury, CT","8880",,,,,"1",,,,,,,"WATERBURY, CONN.","0","0","0","0","0","0","0","0","0","0","0","0","0","0","0","0","0","0","0","0","0",160249
"G8919","1980","S",,,,,,,,,,,,,,"Waterloo, IA","8919",,,,,"1",,,,,,,"WATERLOO, IOWA","0","0","0","0","0","0","0","0","0","0","0","0","0","0","0","0","0","0","0","0","0",120290
"G8940","1980","S",,,,,,,,,,,,,,"Wausau, WI","8940",,,,,"0",,,,,,,"WAUSAU, WIS.","0","0","0","0","0","0","0","1","0","0","0","0","0","0","0","0","0","0","0","0","1",52990
"G8959","1980","S",,,,,,,,,,,,,,"West Palm Beach, FL","8959",,,,,"1",,,,,,,"WEST PALM BEACH, FLA.","0","0","0","0","0","0","0","0","0","0","0","0","0","0","0","0","0","0","0","0","0",487044
"G9000","1980","S",,,,,,,,,,,,,,"Wheeling, WV--OH","9000",,,,,"0",,,,,,,"WHEELING, W. VA.-OHIO","0","0","0","0","0","0","0","0","0","0","0","0","0","0","0","0","0","0","0","0","0",101049
"G9040","1980","S",,,,,,,,,,,,,,"Wichita, KS","9040",,,,,"1",,,,,,,"WICHITA, KANS.","0","0","0","0","0","0","0","0","0","0","0","0","0","0","0","0","0","0","0","0","0",305752
"G9080","1980","S",,,,,,,,,,,,,,"Wichita Falls, TX","9080",,,,,"1",,,,,,,"WICHITA FALLS, TEX.","0","0","0","0","0","0","0","0","0","0","0","0","0","0","0","0","0","0","0","0","0",94716
"G9140","1980","S",,,,,,,,,,,,,,"Williamsport, PA","9140",,,,,"0",,,,,,,"WILLIAMSPORT, PA.","0","0","0","0","0","0","0","1","0","0","0","0","0","0","0","0","0","0","0","0","1",58650
"G9160","1980","S",,,,,,,,,,,,,,"Wilmington, DE--NJ--MD","9160",,,,,"1",,,,,,,"WILMINGTON, DEL.-N.J.-MD.","0","0","0","0","0","0","0","0","0","0","0","0","0","0","0","0","0","0","0","0","0",406112
"G9200","1980","S",,,,,,,,,,,,,,"Wilmington, NC","9200",,,,,"0",,,,,,,"WILMINGTON, N.C.","0","0","0","0","0","0","0","0","0","0","0","0","0","0","0","0","0","0","0","0","0",88763
"G9220","1980","S",,,,,,,,,,,,,,"Winston--Salem, NC","9220",,,,,"1",,,,,,,"WINSTON-SALEM, N.C.","0","0","0","0","0","0","0","0","0","0","0","0","0","0","0","0","0","0","0","0","0",171530
"G9227","1980","S",,,,,,,,,,,,,,"Winter Haven, FL","9227",,,,,"0",,,,,,,"WINTER HAVEN, FLA.","0","0","0","0","0","0","0","0","0","0","0","0","0","0","0","0","0","0","0","0","0",72560
"G9240","1980","S",,,,,,,,,,,,,,"Worcester, MA","9240",,,,,"1",,,,,,,"WORCESTER, MASS.","0","0","0","0","0","0","0","0","0","0","0","0","0","0","0","0","0","0","0","0","0",276022
"G9260","1980","S",,,,,,,,,,,,,,"Yakima, WA","9260",,,,,"0",,,,,,,"YAKIMA, WASH.","0","0","0","0","0","0","0","0","0","0","0","0","0","0","0","0","0","0","0","0","0",81085
"G9280","1980","S",,,,,,,,,,,,,,"York, PA","9280",,,,,"0",,,,,,,"YORK, PA.","0","0","0","0","0","0","0","0","0","0","0","0","0","0","0","0","0","0","0","0","0",129336
"G9320","1980","S",,,,,,,,,,,,,,"Youngstown--Warren, OH","9320",,,,,"1",,,,,,,"YOUNGSTOWN-WARREN, OHIO","0","0","0","0","0","0","0","0","0","0","0","0","0","0","0","0","0","0","0","0","0",383398
"G9340","1980","S",,,,,,,,,,,,,,"Yuba City, CA","9340",,,,,"0",,,,,,,"YUBA CITY, CALIF.","0","0","0","0","0","0","0","0","0","0","0","0","0","0","0","0","0","0","0","0","0",61107
"G9361","1980","S",,,,,,,,,,,,,,"Yuma, AZ--CA","9361",,,,,"0",,,,,,,"YUMA, ARIZ.-CALIF.","0","0","0","0","0","0","0","0","0","0","0","0","0","0","0","0","0","0","0","0","0",54657
